"","seqnames","start","end","width","strand","score"
"1","chrX",6058013,6058086,74,"*",0.18417824577
"2","chrX",6357422,6358529,1108,"*",0.17169957875
"3","chrX",6399443,6401019,1577,"*",0.34629860415
"4","chrX",6409287,6409846,560,"*",0.2196930458
"5","chrX",6415181,6416026,846,"*",0.11821666727
"6","chrX",6447954,6448495,542,"*",0.23819827516
"7","chrX",6467892,6468088,197,"*",0.19198336723
"8","chrX",6468956,6469436,481,"*",0.14353008565
"9","chrX",6494185,6494541,357,"*",-0.17503277309
"10","chrX",6501825,6502358,534,"*",0.05517970145
"11","chrX",6516986,6517531,546,"*",0.13274982251
"12","chrX",6518245,6518402,158,"*",0.32800420265
"13","chrX",6518472,6518700,229,"*",0.44496505705
"14","chrX",6536458,6536916,459,"*",-0.0739957876
"15","chrX",7070718,7071269,552,"*",0.26243628433
"16","chrX",7072038,7072488,451,"*",0.11607840847
"17","chrX",7109654,7109983,330,"*",0.43904336768
"18","chrX",7142944,7143326,383,"*",0.45063284302
"19","chrX",7187985,7188111,127,"*",0.28147737867
"20","chrX",7258768,7259114,347,"*",0.42959916196
"21","chrX",7259949,7260857,909,"*",0.48378140025
"22","chrX",7288972,7289445,474,"*",0.44711355137
"23","chrX",7296343,7296566,224,"*",0.40591061164
"24","chrX",7318614,7319538,925,"*",0.45442388158
"25","chrX",7322405,7322452,48,"*",0.5
"26","chrX",7375396,7376612,1217,"*",0.32800420265
"27","chrX",7412771,7413010,240,"*",0.5
"28","chrX",7420988,7421606,619,"*",0.4601124474
"29","chrX",7422933,7423056,124,"*",0.20649076091
"30","chrX",7428715,7429495,781,"*",0.39954007158
"31","chrX",7434073,7434782,710,"*",0.41825316574
"32","chrX",7434838,7434923,86,"*",0.40591061164
"33","chrX",7435079,7435157,79,"*",-0.24412293499
"34","chrX",7443716,7444599,884,"*",0.48435157182
"35","chrX",7444854,7444992,139,"*",0.44242259755
"36","chrX",7456819,7457489,671,"*",0.15819423839
"37","chrX",7574047,7574884,838,"*",0.46423325863
"38","chrX",7593318,7593524,207,"*",0.3773362918
"39","chrX",7605116,7605849,734,"*",0.41189664402
"40","chrX",7648573,7649317,745,"*",0.41605068799
"41","chrX",7679646,7680222,577,"*",0.42306631434
"42","chrX",7696782,7697439,658,"*",0.4923087431
"43","chrX",7714172,7714747,576,"*",0.41691169588
"44","chrX",7721866,7722337,472,"*",0.43035782571
"45","chrX",7728212,7729005,794,"*",0.4694871063
"46","chrX",7739099,7739557,459,"*",0.38634858777
"47","chrX",7740078,7740354,277,"*",0.3470061369
"48","chrX",7750559,7751258,700,"*",0.34619699348
"49","chrX",7765520,7766105,586,"*",0.39205756732
"50","chrX",7776849,7776951,103,"*",0.43524275111
"51","chrX",7789648,7790048,401,"*",0.5
"52","chrX",7821837,7822023,187,"*",0.15819423839
"53","chrX",7822086,7822708,623,"*",0.3470061369
"54","chrX",7840965,7842380,1416,"*",0.48049129077
"55","chrX",7854688,7854886,199,"*",0.35244022536
"56","chrX",7865681,7866051,371,"*",0.37836241744
"57","chrX",7877762,7878867,1106,"*",0.45063284302
"58","chrX",7898869,7899808,940,"*",0.47867548197
"59","chrX",7910645,7910743,99,"*",0.44242259755
"60","chrX",7937731,7937916,186,"*",0.41372624285
"61","chrX",7945262,7945722,461,"*",0.44784389451
"62","chrX",7992733,7992931,199,"*",0.2853484252
"63","chrX",8000637,8000805,169,"*",0.37079658943
"64","chrX",8026944,8027122,179,"*",0.44544684051
"65","chrX",8074173,8075268,1096,"*",0.43093668692
"66","chrX",8096438,8097111,674,"*",0.47269572915
"67","chrX",8125247,8125740,494,"*",0.33868946662
"68","chrX",8132014,8132950,937,"*",0.45015903847
"69","chrX",8145070,8146154,1085,"*",0.37079658943
"70","chrX",8175479,8176230,752,"*",0.4523321417
"71","chrX",8192306,8193351,1046,"*",0.45308574572
"72","chrX",8236850,8237192,343,"*",0.41878584542
"73","chrX",8238708,8239226,519,"*",0.43093668692
"74","chrX",8251972,8253068,1097,"*",0.4365612104
"75","chrX",8315067,8315192,126,"*",0.4601124474
"76","chrX",8419230,8419335,106,"*",0.37594088716
"77","chrX",8732962,8733378,417,"*",0.39185395292
"78","chrX",8864422,8864499,78,"*",0.4685635539
"79","chrX",8892071,8893624,1554,"*",0.29386868336
"80","chrX",9128575,9128877,303,"*",0.42601716282
"81","chrX",9200101,9200885,785,"*",0.34115651035
"82","chrX",9222600,9223169,570,"*",0.46392266068
"83","chrX",9240826,9241195,370,"*",0.5
"84","chrX",9243603,9243706,104,"*",0.39653786724
"85","chrX",9256938,9257190,253,"*",0.4821047304
"86","chrX",9272179,9273467,1289,"*",0.40591061164
"87","chrX",9402217,9402297,81,"*",-0.28425764381
"88","chrX",9577812,9577874,63,"*",0.41372624285
"89","chrX",9588731,9588900,170,"*",0.03604531931
"90","chrX",9652905,9653032,128,"*",0.34115651035
"91","chrX",9662282,9663264,983,"*",0.43612773004
"92","chrX",10105167,10106055,889,"*",0.44544684051
"93","chrX",10108615,10108748,134,"*",0.44816924197
"94","chrX",10201407,10201605,199,"*",0.38509118947
"95","chrX",10205794,10206425,632,"*",0.43339712577
"96","chrX",10215997,10217091,1095,"*",0.42837202899
"97","chrX",10484806,10486099,1294,"*",-0.07450460544
"98","chrX",10574482,10574890,409,"*",0.37079658943
"99","chrX",10694521,10695152,632,"*",0.45177885805
"100","chrX",10701960,10702072,113,"*",0.40591061164
"101","chrX",10714506,10715043,538,"*",0.45129428942
"102","chrX",10716973,10718138,1166,"*",0.45788871089
"103","chrX",10718918,10719246,329,"*",0.43093668692
"104","chrX",10734504,10734897,394,"*",0.44816924197
"105","chrX",10776130,10776929,800,"*",0.3978940429
"106","chrX",10911628,10911753,126,"*",0.5
"107","chrX",10984741,10985183,443,"*",0.37594088716
"108","chrX",11001297,11001487,191,"*",0.37079658943
"109","chrX",11076520,11076880,361,"*",0.49169363257
"110","chrX",11082004,11082287,284,"*",0.06212538989
"111","chrX",11090596,11090736,141,"*",0.34115651035
"112","chrX",11139725,11140633,909,"*",0.3257849598
"113","chrX",11250717,11251073,357,"*",0.44816924197
"114","chrX",11411472,11411669,198,"*",0.40144658229
"115","chrX",11435668,11436025,358,"*",0.3938954578
"116","chrX",11444029,11444634,606,"*",0.44684287484
"117","chrX",11444691,11444749,59,"*",0.5
"118","chrX",11489901,11490652,752,"*",0.3470061369
"119","chrX",11490720,11490776,57,"*",0.20044408997
"120","chrX",11512603,11512704,102,"*",0.35244022536
"121","chrX",11528611,11528929,319,"*",0.5
"122","chrX",11709451,11709611,161,"*",0.39653786724
"123","chrX",11720452,11720785,334,"*",0.39653786724
"124","chrX",11735344,11735862,519,"*",0.29386868336
"125","chrX",11746019,11746501,483,"*",0.24282860397
"126","chrX",11747335,11747827,493,"*",0.44816924197
"127","chrX",11748174,11748368,195,"*",0.25302099665
"128","chrX",11748421,11748581,161,"*",0.41372624285
"129","chrX",11752626,11752804,179,"*",0.42034303044
"130","chrX",11795204,11795442,239,"*",0.04618145705
"131","chrX",11880803,11881447,645,"*",0.43904336768
"132","chrX",11929187,11929784,598,"*",0.44177706092
"133","chrX",11943317,11943689,373,"*",0.33410902164
"134","chrX",11952280,11952440,161,"*",0.44078115104
"135","chrX",11961421,11961490,70,"*",0.41372624285
"136","chrX",12006222,12006690,469,"*",0.35244022536
"137","chrX",12062176,12062598,423,"*",0.5
"138","chrX",12078746,12080250,1505,"*",0.38917816569
"139","chrX",12086981,12087764,784,"*",0.46758234905
"140","chrX",12088282,12088697,416,"*",0.5
"141","chrX",12089745,12091323,1579,"*",0.40770232822
"142","chrX",12105625,12105982,358,"*",0.33806068515
"143","chrX",12112318,12112458,141,"*",0.44242259755
"144","chrX",12128013,12129798,1786,"*",0.5
"145","chrX",12158308,12158379,72,"*",-0.17503277309
"146","chrX",12225442,12225990,549,"*",0.19414303997
"147","chrX",12252095,12252806,712,"*",0.43206601265
"148","chrX",12327606,12327805,200,"*",0.30104785944
"149","chrX",12346928,12347725,798,"*",0.3691690589
"150","chrX",12365630,12365983,354,"*",0.32057601184
"151","chrX",12416972,12417089,118,"*",0.5
"152","chrX",12423928,12424149,222,"*",0.3818225064
"153","chrX",12435770,12436191,422,"*",0.34354923006
"154","chrX",12438480,12438585,106,"*",0.5
"155","chrX",12449707,12449980,274,"*",0.24282860397
"156","chrX",12453090,12453553,464,"*",0.5
"157","chrX",12541160,12541304,145,"*",0.2868170471
"158","chrX",12558080,12558202,123,"*",0.34115651035
"159","chrX",12587326,12588206,881,"*",0.47405962596
"160","chrX",12673090,12674111,1022,"*",0.12488229117
"161","chrX",12761369,12762523,1155,"*",0.43184311188
"162","chrX",12839734,12840489,756,"*",0.37594088716
"163","chrX",12840653,12840910,258,"*",0.41126941048
"164","chrX",12855571,12855828,258,"*",0.36222715184
"165","chrX",12860339,12860492,154,"*",0.3769209776
"166","chrX",12873533,12873956,424,"*",0.35244022536
"167","chrX",12916663,12917365,703,"*",0.34208539774
"168","chrX",12936741,12937155,415,"*",0.17596727763
"169","chrX",12959894,12960202,309,"*",0.42601716282
"170","chrX",13037218,13037429,212,"*",-0.00947129814
"171","chrX",13041639,13042208,570,"*",-0.07251601013
"172","chrX",13070556,13072599,2044,"*",0.5
"173","chrX",13134820,13134967,148,"*",0.46758234905
"174","chrX",13207743,13208527,785,"*",0.05588417029
"175","chrX",13230347,13231308,962,"*",0.31433952212
"176","chrX",13241957,13243574,1618,"*",0.48334801634
"177","chrX",13280089,13282292,2204,"*",-0.0041904465
"178","chrX",13294779,13295306,528,"*",0.1207513466
"179","chrX",13295636,13295860,225,"*",0.29386868336
"180","chrX",13296172,13297002,831,"*",0.31861761667
"181","chrX",13344788,13345078,291,"*",0.32211254008
"182","chrX",13388420,13388561,142,"*",-0.5
"183","chrX",13398468,13398821,354,"*",0.42421778772
"184","chrX",13416271,13416624,354,"*",0.42421778772
"185","chrX",13421966,13422479,514,"*",0.34938327889
"186","chrX",13436175,13436333,159,"*",-0.3385295458
"187","chrX",13437179,13437616,438,"*",0.33577445638
"188","chrX",13461322,13462224,903,"*",0.4597257695
"189","chrX",13502718,13503435,718,"*",0.5
"190","chrX",13710316,13710427,112,"*",0.03604531931
"191","chrX",13734832,13735310,479,"*",0.35244022536
"192","chrX",13757347,13757825,479,"*",0.42976917892
"193","chrX",13764863,13765530,668,"*",0.05588417029
"194","chrX",13845492,13847394,1903,"*",0.45063284302
"195","chrX",13851378,13851554,177,"*",0.48298426882
"196","chrX",14091776,14092159,384,"*",0.5
"197","chrX",14614895,14615023,129,"*",0.5
"198","chrX",14628138,14629164,1027,"*",0.4756414074
"199","chrX",14632259,14632596,338,"*",0.43093668692
"200","chrX",15598497,15598868,372,"*",0.43604032211
"201","chrX",15813929,15813997,69,"*",0.5
"202","chrX",16421055,16421918,864,"*",0.35244022536
"203","chrX",16450794,16451138,345,"*",0.34510472753
"204","chrX",16507270,16507499,230,"*",0.41605068799
"205","chrX",16546763,16547136,374,"*",0.41372624285
"206","chrX",16556791,16557633,843,"*",0.42601716282
"207","chrX",16618022,16620128,2107,"*",0.47842681778
"208","chrX",16860397,16860495,99,"*",0.42034303044
"209","chrX",16885930,16886187,258,"*",0.5
"210","chrX",16894328,16894822,495,"*",0.26103477852
"211","chrX",17025723,17026700,978,"*",0.5
"212","chrX",17099835,17099889,55,"*",0.24282860397
"213","chrX",17175800,17176759,960,"*",0.46992882772
"214","chrX",17178458,17178803,346,"*",0.41716656483
"215","chrX",17275182,17275294,113,"*",0.44684287484
"216","chrX",17466454,17466944,491,"*",0.41716656483
"217","chrX",17511808,17511949,142,"*",0.36222715184
"218","chrX",17527010,17527113,104,"*",0.46295763431
"219","chrX",17571361,17572478,1118,"*",0.48098121531
"220","chrX",17590757,17591251,495,"*",0.5
"221","chrX",17593413,17593910,498,"*",0.47693941845
"222","chrX",17660156,17660366,211,"*",0.31946213938
"223","chrX",17721476,17722385,910,"*",0.38509118947
"224","chrX",17730347,17730781,435,"*",0.43904336768
"225","chrX",17775886,17776354,469,"*",0.4819492238
"226","chrX",18161705,18163714,2010,"*",0.10364720262
"227","chrX",18254544,18255202,659,"*",0.04618145705
"228","chrX",18442162,18442322,161,"*",0.30665927868
"229","chrX",18873711,18874721,1011,"*",0.24904254971
"230","chrX",18878072,18878264,193,"*",0.5
"231","chrX",18882222,18882719,498,"*",0.27116007735
"232","chrX",19080090,19080523,434,"*",0.13711961061
"233","chrX",19157289,19158232,944,"*",0.10975146916
"234","chrX",19162650,19163264,615,"*",0.00905357216
"235","chrX",19166766,19167667,902,"*",0.09932819522
"236","chrX",19168314,19168663,350,"*",0.09087297588
"237","chrX",19178548,19178837,290,"*",0.37079658943
"238","chrX",19201715,19201768,54,"*",0.27116007735
"239","chrX",19202481,19202858,378,"*",0.26407156072
"240","chrX",19206043,19206734,692,"*",0.1207513466
"241","chrX",19237111,19238346,1236,"*",0.48458384101
"242","chrX",19619845,19619909,65,"*",0.15819423839
"243","chrX",19687337,19688031,695,"*",0.36139140292
"244","chrX",19700308,19700725,418,"*",0.45723854075
"245","chrX",19702337,19702906,570,"*",0.3254912641
"246","chrX",19765760,19766440,681,"*",0.44842661198
"247","chrX",19775780,19775934,155,"*",0.39905186246
"248","chrX",19896720,19896787,68,"*",0.19198336723
"249","chrX",19904312,19905227,916,"*",0.359112353
"250","chrX",19906500,19907142,643,"*",0.4694871063
"251","chrX",19919706,19919784,79,"*",0.5
"252","chrX",20059369,20060342,974,"*",0.24849008159
"253","chrX",20291548,20291967,420,"*",0.42034303044
"254","chrX",20303349,20303680,332,"*",0.24282860397
"255","chrX",20364069,20365152,1084,"*",0.49413338902
"256","chrX",20418566,20418697,132,"*",0.41372624285
"257","chrX",20425126,20426388,1263,"*",0.45121257957
"258","chrX",20443215,20443567,353,"*",0.45287287276
"259","chrX",20617070,20618277,1208,"*",0.48078010215
"260","chrX",20658060,20658938,879,"*",0.41076115655
"261","chrX",20658993,20659287,295,"*",0.40758500611
"262","chrX",20662524,20663323,800,"*",0.39653786724
"263","chrX",20687303,20689010,1708,"*",0.44202082635
"264","chrX",20703908,20704731,824,"*",0.5
"265","chrX",20724454,20724570,117,"*",0.43720051004
"266","chrX",20724823,20725048,226,"*",0.47195854528
"267","chrX",20759110,20759585,476,"*",0.42034303044
"268","chrX",20771095,20771375,281,"*",0.43782705324
"269","chrX",20819211,20819949,739,"*",0.47543980451
"270","chrX",20848175,20849052,878,"*",0.44779708257
"271","chrX",20863462,20864388,927,"*",0.32537529373
"272","chrX",20869373,20870465,1093,"*",0.47330968485
"273","chrX",20920514,20921554,1041,"*",0.33806068515
"274","chrX",20921752,20922206,455,"*",0.47791991419
"275","chrX",20950223,20951219,997,"*",0.46468925587
"276","chrX",20961336,20962378,1043,"*",0.40270551692
"277","chrX",21061963,21062370,408,"*",0.45287287276
"278","chrX",21088829,21090058,1230,"*",0.46184422851
"279","chrX",21293634,21293784,151,"*",0.18417824577
"280","chrX",21297527,21297580,54,"*",0.5
"281","chrX",21333297,21335102,1806,"*",0.45256539557
"282","chrX",21350638,21350765,128,"*",0.20649076091
"283","chrX",21651687,21651770,84,"*",0.40591061164
"284","chrX",22608488,22608545,58,"*",0.27116007735
"285","chrX",23692427,23693819,1393,"*",0.47944904786
"286","chrX",23694228,23694348,121,"*",0.5
"287","chrX",23709966,23710489,524,"*",0.4324342916
"288","chrX",32745938,32745993,56,"*",0.14855597025
"289","chrX",35877809,35878173,365,"*",0.43782705324
"290","chrX",35878222,35878315,94,"*",0.40591061164
"291","chrX",35894306,35894602,297,"*",0.48352411986
"292","chrX",36025258,36026120,863,"*",0.5
"293","chrX",36045922,36045995,74,"*",0.5
"294","chrX",36068875,36069008,134,"*",0.45287287276
"295","chrX",36077320,36077389,70,"*",0.5
"296","chrX",36082585,36083404,820,"*",0.45892947781
"297","chrX",36111827,36112805,979,"*",0.41763576806
"298","chrX",36115035,36115497,463,"*",0.5
"299","chrX",36129022,36129844,823,"*",0.47077498255
"300","chrX",36183765,36183929,165,"*",0.45491844381
"301","chrX",36211312,36211607,296,"*",0.31795528329
"302","chrX",36225857,36226382,526,"*",0.38069122508
"303","chrX",36329712,36330424,713,"*",0.32800420265
"304","chrX",36385478,36385829,352,"*",0.38509118947
"305","chrX",36393444,36393518,75,"*",0.2258585977
"306","chrX",36456168,36456310,143,"*",0.38509118947
"307","chrX",36597891,36598725,835,"*",0.36520720336
"308","chrX",36630938,36631006,69,"*",0.37079658943
"309","chrX",36644484,36645618,1135,"*",0.44842661198
"310","chrX",36748612,36748891,280,"*",0.40298092464
"311","chrX",36748985,36749162,178,"*",0.38509118947
"312","chrX",36761013,36761116,104,"*",0.31795528329
"313","chrX",36795277,36796836,1560,"*",0.4662662112
"314","chrX",36807480,36808319,840,"*",0.47791991419
"315","chrX",36816656,36817429,774,"*",0.44880790994
"316","chrX",36820339,36820491,153,"*",0.39653786724
"317","chrX",36830259,36830582,324,"*",0.45391834791
"318","chrX",36833796,36833878,83,"*",0.35244022536
"319","chrX",36864104,36864698,595,"*",0.42601716282
"320","chrX",36874083,36875123,1041,"*",0.45767419549
"321","chrX",36902653,36903622,970,"*",0.45442388158
"322","chrX",36907829,36908014,186,"*",0.5
"323","chrX",36917672,36918062,391,"*",0.5
"324","chrX",36939869,36940582,714,"*",0.45329670423
"325","chrX",36989905,36990040,136,"*",0.43904336768
"326","chrX",37074672,37074964,293,"*",0.17256208819
"327","chrX",37084909,37085849,941,"*",0.44847176512
"328","chrX",37091166,37091757,592,"*",0.06212538989
"329","chrX",37109801,37110806,1006,"*",0.45491844381
"330","chrX",37126690,37127623,934,"*",0.42601716282
"331","chrX",37167103,37167356,254,"*",0.36520720336
"332","chrX",37190735,37192187,1453,"*",0.46158765425
"333","chrX",37701360,37701560,201,"*",0.2196930458
"334","chrX",37701644,37702467,824,"*",0.2757353147
"335","chrX",37958032,37959010,979,"*",0.12755128893
"336","chrX",37959078,37959128,51,"*",0.19198336723
"337","chrX",37962050,37962256,207,"*",0.13411167998
"338","chrX",38070289,38070450,162,"*",0.43093668692
"339","chrX",38070628,38070682,55,"*",0.5
"340","chrX",38084323,38084515,193,"*",0.10637833614
"341","chrX",38189254,38190546,1293,"*",0.45795973364
"342","chrX",38201658,38201852,195,"*",0.5
"343","chrX",38217222,38217917,696,"*",0.46251196281
"344","chrX",38237878,38237989,112,"*",0.5
"345","chrX",38247016,38248003,988,"*",0.41226874559
"346","chrX",38403818,38404468,651,"*",0.37836241744
"347","chrX",38428785,38429404,620,"*",0.47477951622
"348","chrX",38431084,38431545,462,"*",0.47304997475
"349","chrX",38442383,38442743,361,"*",0.38818392153
"350","chrX",38442894,38443031,138,"*",0.42034303044
"351","chrX",38443188,38443660,473,"*",0.34510472753
"352","chrX",38455954,38456670,717,"*",0.43027433818
"353","chrX",38461014,38461154,141,"*",0.28310715608
"354","chrX",38473291,38474324,1034,"*",0.44868143862
"355","chrX",38564117,38565476,1360,"*",0.36222715184
"356","chrX",38589634,38590294,661,"*",0.4666912251
"357","chrX",38600272,38601292,1021,"*",0.48162995924
"358","chrX",38634722,38635833,1112,"*",0.48730896568
"359","chrX",38722235,38722739,505,"*",0.38366104244
"360","chrX",38754259,38754510,252,"*",0.3565172412
"361","chrX",41615133,41615207,75,"*",0.40144658229
"362","chrX",41910162,41910289,128,"*",0.5
"363","chrX",41910356,41910417,62,"*",0.5
"364","chrX",41910672,41912208,1537,"*",0.48764119718
"365","chrX",41924591,41925052,462,"*",0.46653791942
"366","chrX",41970217,41970329,113,"*",0.32057601184
"367","chrX",42014612,42014859,248,"*",0.5
"368","chrX",42033199,42033473,275,"*",0.42232870367
"369","chrX",42068693,42069086,394,"*",0.5
"370","chrX",42092954,42093142,189,"*",0.46758234905
"371","chrX",42139670,42140362,693,"*",0.44729247613
"372","chrX",42149942,42150577,636,"*",0.35244022536
"373","chrX",42333591,42334474,884,"*",0.49072983295
"374","chrX",42540477,42540951,475,"*",0.22490318436
"375","chrX",43495060,43495302,243,"*",0.32800420265
"376","chrX",44316604,44317053,450,"*",0.4722086567
"377","chrX",47892008,47892541,534,"*",0.40998776364
"378","chrX",47905533,47905967,435,"*",0.5
"379","chrX",47912157,47913252,1096,"*",0.48146605405
"380","chrX",47928343,47928398,56,"*",0.5
"381","chrX",47930455,47931060,606,"*",0.45177885805
"382","chrX",47971783,47971839,57,"*",0.38509118947
"383","chrX",47976394,47976861,468,"*",0.5
"384","chrX",47992765,47992886,122,"*",0.43315899906
"385","chrX",48033977,48034150,174,"*",0.20649076091
"386","chrX",48034208,48035144,937,"*",0.5
"387","chrX",48043997,48044512,516,"*",0.46295763431
"388","chrX",48055736,48056104,369,"*",0.39940106578
"389","chrX",48064442,48064706,265,"*",0.42601716282
"390","chrX",48076881,48077348,468,"*",0.42601716282
"391","chrX",48082364,48082867,504,"*",0.46706841321
"392","chrX",48098761,48099090,330,"*",0.5
"393","chrX",48207846,48209125,1280,"*",0.19574302378
"394","chrX",48256164,48257252,1089,"*",0.45643133549
"395","chrX",48271431,48271956,526,"*",0.35244022536
"396","chrX",48314732,48315004,273,"*",0.32800420265
"397","chrX",48343321,48344176,856,"*",0.37836241744
"398","chrX",48405260,48405544,285,"*",0.4542566073
"399","chrX",48409971,48410555,585,"*",0.48871542478
"400","chrX",48424443,48425119,677,"*",0.38996092046
"401","chrX",48453297,48454716,1420,"*",0.4597257695
"402","chrX",48467626,48467720,95,"*",0.276093443
"403","chrX",48512981,48514158,1178,"*",0.47391484822
"404","chrX",48532066,48532508,443,"*",0.35244022536
"405","chrX",48593635,48594793,1159,"*",0.39063681602
"406","chrX",48623234,48624215,982,"*",0.45063284302
"407","chrX",48683602,48683728,127,"*",0.45063284302
"408","chrX",48694555,48695330,776,"*",0.46653791942
"409","chrX",49009935,49010080,146,"*",0.5
"410","chrX",49073621,49074049,429,"*",0.4601124474
"411","chrX",49100397,49101050,654,"*",0.5
"412","chrX",49287736,49288590,855,"*",0.49353042455
"413","chrX",50390079,50390260,182,"*",0.5
"414","chrX",50390378,50390820,443,"*",0.36984415865
"415","chrX",50475333,50475720,388,"*",0.5
"416","chrX",50490270,50491054,785,"*",0.45340147362
"417","chrX",50537183,50537718,536,"*",0.43524275111
"418","chrX",50549831,50550681,851,"*",-0.36803741869
"419","chrX",50566095,50567033,939,"*",-0.45867046662
"420","chrX",50572206,50572976,771,"*",-0.41951570101
"421","chrX",50580130,50580894,765,"*",-0.38137750188
"422","chrX",50583811,50584183,373,"*",-0.46750469727
"423","chrX",50590809,50592096,1288,"*",-0.44323944011
"424","chrX",50597261,50597788,528,"*",-0.5
"425","chrX",50611900,50612798,899,"*",-0.47788363963
"426","chrX",50614632,50615176,545,"*",-0.35102180741
"427","chrX",50618838,50619492,655,"*",0.07680049554
"428","chrX",50620029,50620270,242,"*",-0.41814724846
"429","chrX",50622947,50623360,414,"*",-0.45265868455
"430","chrX",50634984,50635943,960,"*",0.49064634697
"431","chrX",51017721,51019341,1621,"*",0.43524275111
"432","chrX",51019826,51020267,442,"*",0.5
"433","chrX",51065923,51066030,108,"*",0.29386868336
"434","chrX",51140144,51140345,202,"*",0.40144658229
"435","chrX",51232206,51232937,732,"*",0.37716358532
"436","chrX",51374803,51375428,626,"*",0.38818392153
"437","chrX",51397567,51397731,165,"*",0.40077404926
"438","chrX",51400365,51401034,670,"*",0.4682431526
"439","chrX",51404688,51405079,392,"*",0.38509118947
"440","chrX",51409672,51410252,581,"*",0.37079658943
"441","chrX",51509520,51509862,343,"*",0.45851940602
"442","chrX",51561541,51562148,608,"*",0.45679382444
"443","chrX",51581840,51582254,415,"*",0.37079658943
"444","chrX",51620090,51620358,269,"*",0.5
"445","chrX",51679583,51679629,47,"*",0.40591061164
"446","chrX",51679758,51681639,1882,"*",0.5
"447","chrX",51702826,51703359,534,"*",0.44592026196
"448","chrX",51722422,51722562,141,"*",0.303612787
"449","chrX",51773961,51774316,356,"*",0.5
"450","chrX",51814226,51815115,890,"*",0.47641577391
"451","chrX",51911259,51911882,624,"*",0.32800420265
"452","chrX",51912897,51913516,620,"*",0.42535250065
"453","chrX",52017685,52017916,232,"*",0.3238366602
"454","chrX",52151343,52151475,133,"*",0.41372624285
"455","chrX",52164684,52165745,1062,"*",0.39653786724
"456","chrX",52183694,52183777,84,"*",0.41716656483
"457","chrX",52185943,52186406,464,"*",0.3238366602
"458","chrX",52261422,52261517,96,"*",0.32800420265
"459","chrX",52261589,52262898,1310,"*",0.42084890653
"460","chrX",52281349,52281821,473,"*",0.45491844381
"461","chrX",52348867,52349345,479,"*",0.46758234905
"462","chrX",52372652,52372759,108,"*",0.42601716282
"463","chrX",52577326,52577450,125,"*",0.5
"464","chrX",52776080,52776279,200,"*",0.43524275111
"465","chrX",52790773,52791752,980,"*",0.4783795462
"466","chrX",52911785,52912771,987,"*",0.5
"467","chrX",52912838,52913176,339,"*",0.35244022536
"468","chrX",52926245,52927244,1000,"*",0.40968672344
"469","chrX",52934694,52934743,50,"*",0.2196930458
"470","chrX",52971175,52971535,361,"*",0.5
"471","chrX",52981253,52982007,755,"*",0.5
"472","chrX",52987794,52988929,1136,"*",0.5
"473","chrX",53006067,53006335,269,"*",0.25782011606
"474","chrX",53056754,53057555,802,"*",0.28310715608
"475","chrX",53059535,53059953,419,"*",0.5
"476","chrX",53114558,53114793,236,"*",0.32800420265
"477","chrX",53114843,53115663,821,"*",0.44021300479
"478","chrX",53118480,53118995,516,"*",0.4375779422
"479","chrX",53137570,53137862,293,"*",0.5
"480","chrX",53161182,53161460,279,"*",0.5
"481","chrX",53167136,53167685,550,"*",0.42034303044
"482","chrX",53233868,53233982,115,"*",0.41372624285
"483","chrX",53268693,53270027,1335,"*",0.43466076977
"484","chrX",53283070,53283294,225,"*",0.5
"485","chrX",53369527,53371015,1489,"*",0.41903575182
"486","chrX",53594122,53594634,513,"*",0.26061109647
"487","chrX",53610712,53611182,471,"*",0.38917816569
"488","chrX",53638084,53638577,494,"*",0.44544684051
"489","chrX",53643463,53644164,702,"*",0.48548173363
"490","chrX",53670390,53670519,130,"*",0.09087297588
"491","chrX",54174153,54174267,115,"*",0.39653786724
"492","chrX",56340431,56340550,120,"*",0.36222715184
"493","chrX",56345852,56346864,1013,"*",0.43315899906
"494","chrX",56374204,56375004,801,"*",0.34959101041
"495","chrX",56375903,56376046,144,"*",0.31247723925
"496","chrX",56382244,56382294,51,"*",0.09087297588
"497","chrX",56427496,56427734,239,"*",0.09087297588
"498","chrX",56455507,56456620,1114,"*",0.47133950499
"499","chrX",56497153,56497895,743,"*",0.39364853028
"500","chrX",56531416,56531501,86,"*",0.44816924197
"501","chrX",56597342,56598469,1128,"*",0.49268778648
"502","chrX",56609440,56610396,957,"*",0.46198930932
"503","chrX",56636199,56636569,371,"*",0.42601716282
"504","chrX",56650655,56651457,803,"*",0.5
"505","chrX",56675380,56675925,546,"*",0.48691456248
"506","chrX",56677898,56678540,643,"*",0.37555976026
"507","chrX",56695943,56696054,112,"*",0.5
"508","chrX",56839673,56839750,78,"*",0.35244022536
"509","chrX",56984248,56984333,86,"*",0.35244022536
"510","chrX",57053020,57054279,1260,"*",0.43473408886
"511","chrX",57310611,57310669,59,"*",0.42034303044
"512","chrX",57333122,57333295,174,"*",0.5
"513","chrX",57392252,57393582,1331,"*",0.4738966373
"514","chrX",57403820,57403894,75,"*",0.42601716282
"515","chrX",61815982,61816102,121,"*",0.19198336723
"516","chrX",62378437,62378780,344,"*",0.24282860397
"517","chrX",65740382,65740596,215,"*",0.44684287484
"518","chrX",65785625,65786068,444,"*",0.33484178736
"519","chrX",65854763,65854838,76,"*",0.39653786724
"520","chrX",65981999,65982604,606,"*",0.4498380836
"521","chrX",65983585,65983908,324,"*",0.40417442351
"522","chrX",66106390,66106486,97,"*",0.5
"523","chrX",66115698,66116043,346,"*",0.5
"524","chrX",66240511,66241004,494,"*",0.45063284302
"525","chrX",66241070,66241136,67,"*",0.32800420265
"526","chrX",66413795,66414332,538,"*",0.48517079945
"527","chrX",66462113,66462685,573,"*",0.5
"528","chrX",66527013,66527117,105,"*",0.32800420265
"529","chrX",66652676,66653329,654,"*",0.29386868336
"530","chrX",66672568,66672645,78,"*",0.38509118947
"531","chrX",67210357,67210471,115,"*",0.46542395066
"532","chrX",68495135,68495432,298,"*",0.40998776364
"533","chrX",68678000,68679525,1526,"*",0.48187045258
"534","chrX",68839733,68839795,63,"*",-0.09251256013
"535","chrX",68950945,68951043,99,"*",0.38509118947
"536","chrX",69269409,69269652,244,"*",0.4381356599
"537","chrX",69360101,69361047,947,"*",0.5
"538","chrX",69457940,69458176,237,"*",0.31247723925
"539","chrX",69540670,69541462,793,"*",0.5
"540","chrX",70039889,70040405,517,"*",0.4018049531
"541","chrX",70161146,70161460,315,"*",0.41372624285
"542","chrX",70184463,70185044,582,"*",0.39174504417
"543","chrX",70330382,70330735,354,"*",0.46653791942
"544","chrX",70364674,70365477,804,"*",0.45906437259
"545","chrX",70369485,70369924,440,"*",0.35244022536
"546","chrX",70385114,70386401,1288,"*",0.48470277526
"547","chrX",70476643,70477675,1033,"*",0.43904336768
"548","chrX",70832661,70833004,344,"*",0.26467900019
"549","chrX",70871406,70871863,458,"*",0.5
"550","chrX",70883451,70883839,389,"*",0.5
"551","chrX",70898671,70899327,657,"*",0.44312327611
"552","chrX",71028919,71029500,582,"*",0.46783334812
"553","chrX",71049600,71050669,1070,"*",0.46086394762
"554","chrX",71131596,71132037,442,"*",0.5
"555","chrX",71162323,71162680,358,"*",0.42467578756
"556","chrX",71204929,71205000,72,"*",0.31247723925
"557","chrX",71214702,71215665,964,"*",0.47509628015
"558","chrX",71221077,71221231,155,"*",0.24282860397
"559","chrX",71269085,71269331,247,"*",0.37393312109
"560","chrX",71271675,71271921,247,"*",0.36373346855
"561","chrX",71311232,71311467,236,"*",0.27116007735
"562","chrX",71364413,71365308,896,"*",0.5
"563","chrX",71381745,71381966,222,"*",0.37079658943
"564","chrX",71425852,71426531,680,"*",0.42560954842
"565","chrX",71426667,71426780,114,"*",0.5
"566","chrX",71455896,71456462,567,"*",0.46471924263
"567","chrX",71464233,71464767,535,"*",0.42717001439
"568","chrX",71465510,71466081,572,"*",0.49523654705
"569","chrX",71528594,71529298,705,"*",0.44397550205
"570","chrX",71531765,71532088,324,"*",0.407435255
"571","chrX",71541132,71541364,233,"*",-0.00947129814
"572","chrX",71555610,71557196,1587,"*",0.44544684051
"573","chrX",71573088,71573598,511,"*",0.44638553726
"574","chrX",71601125,71601919,795,"*",0.43421737235
"575","chrX",71623990,71624084,95,"*",-0.03883978482
"576","chrX",71630435,71631567,1133,"*",0.46364408925
"577","chrX",71648566,71649338,773,"*",0.29955187927
"578","chrX",71650113,71650243,131,"*",0.2196930458
"579","chrX",71664388,71664591,204,"*",0.32800420265
"580","chrX",71762558,71762866,309,"*",0.4601124474
"581","chrX",71786980,71787203,224,"*",0.5
"582","chrX",71791129,71791294,166,"*",0.18417824577
"583","chrX",71811781,71812640,860,"*",0.26687976743
"584","chrX",71816005,71817275,1271,"*",0.48820271454
"585","chrX",71824504,71824646,143,"*",0.5
"586","chrX",71834325,71834400,76,"*",0.29386868336
"587","chrX",71853608,71854425,818,"*",0.44133860092
"588","chrX",71947347,71947717,371,"*",0.48325854527
"589","chrX",71982244,71982414,171,"*",0.38509118947
"590","chrX",72009834,72010317,484,"*",0.41782196436
"591","chrX",72044211,72044445,235,"*",0.32057601184
"592","chrX",72094245,72094591,347,"*",0.38996092046
"593","chrX",72274078,72275560,1483,"*",0.24802782995
"594","chrX",72297878,72298587,710,"*",0.4324342916
"595","chrX",72381708,72382485,778,"*",0.47469172266
"596","chrX",72892206,72892488,283,"*",0.44544684051
"597","chrX",72908097,72908653,557,"*",0.48634093125
"598","chrX",72911760,72911870,111,"*",0.35750153469
"599","chrX",72917952,72918858,907,"*",0.4694871063
"600","chrX",72940135,72940427,293,"*",0.5
"601","chrX",72953422,72954163,742,"*",0.11725740571
"602","chrX",72962692,72963102,411,"*",0.44486767739
"603","chrX",72986815,72987779,965,"*",0.42494793981
"604","chrX",73005260,73005685,426,"*",0.42601716282
"605","chrX",73053839,73054229,391,"*",0.33034544736
"606","chrX",73227931,73229226,1296,"*",0.47339514612
"607","chrX",73441386,73441725,340,"*",0.41076115655
"608","chrX",73452114,73452187,74,"*",0.39653786724
"609","chrX",73458736,73459417,682,"*",0.48095630663
"610","chrX",73476299,73476934,636,"*",0.28806706544
"611","chrX",73567231,73567719,489,"*",0.35794449039
"612","chrX",73586713,73586887,175,"*",0.3773362918
"613","chrX",73593289,73593681,393,"*",0.40817919638
"614","chrX",73654113,73654424,312,"*",0.36994507526
"615","chrX",73685421,73686123,703,"*",0.41054154662
"616","chrX",73691148,73691789,642,"*",0.15819423839
"617","chrX",73715640,73717047,1408,"*",0.40591061164
"618","chrX",73774137,73774773,637,"*",0.42856151896
"619","chrX",73786375,73787587,1213,"*",0.47586779565
"620","chrX",73880548,73882272,1725,"*",0.46453855421
"621","chrX",73914599,73915263,665,"*",0.49285135535
"622","chrX",73921297,73922386,1090,"*",0.44375880691
"623","chrX",73930302,73931189,888,"*",0.4542566073
"624","chrX",73948718,73949072,355,"*",0.25496328915
"625","chrX",73960200,73960327,128,"*",0.5
"626","chrX",73966123,73967907,1785,"*",0.48004142387
"627","chrX",74014238,74014940,703,"*",0.4783795462
"628","chrX",74015267,74015468,202,"*",0.38509118947
"629","chrX",74023219,74024283,1065,"*",0.36222715184
"630","chrX",74084736,74086058,1323,"*",0.45287287276
"631","chrX",74115527,74115855,329,"*",0.42601716282
"632","chrX",74220159,74220274,116,"*",-0.10905812932
"633","chrX",74244026,74245022,997,"*",0.4238473581
"634","chrX",74245671,74247032,1362,"*",0.42731159949
"635","chrX",74254330,74255316,987,"*",0.39468654368
"636","chrX",74263579,74264281,703,"*",0.42184162453
"637","chrX",74269811,74271172,1362,"*",0.4748449627
"638","chrX",74281338,74283194,1857,"*",0.14430601711
"639","chrX",74296520,74297582,1063,"*",0.23541186297
"640","chrX",74312467,74313596,1130,"*",0.47586779565
"641","chrX",74328700,74329453,754,"*",0.29386868336
"642","chrX",74368013,74368874,862,"*",0.43093668692
"643","chrX",74372953,74373610,658,"*",0.48744195472
"644","chrX",74392683,74393884,1202,"*",0.43498941495
"645","chrX",74407172,74407307,136,"*",0.5
"646","chrX",74428525,74429950,1426,"*",0.39224421656
"647","chrX",74452737,74453043,307,"*",0.29386868336
"648","chrX",75044520,75045167,648,"*",0.27392735039
"649","chrX",75047354,75047403,50,"*",0.5
"650","chrX",75082009,75082073,65,"*",0.5
"651","chrX",75095263,75096645,1383,"*",0.46251196281
"652","chrX",75136997,75137121,125,"*",0.34510472753
"653","chrX",75376264,75376382,119,"*",0.5
"654","chrX",75382002,75382869,868,"*",0.46617465858
"655","chrX",75415968,75416940,973,"*",0.48312252129
"656","chrX",75513943,75514912,970,"*",0.48677571955
"657","chrX",75595328,75595840,513,"*",0.24282860397
"658","chrX",75613911,75614593,683,"*",0.18417824577
"659","chrX",75622072,75622471,400,"*",0.40341057199
"660","chrX",75673667,75674560,894,"*",0.47294411064
"661","chrX",75681049,75681439,391,"*",0.37079658943
"662","chrX",75764018,75765051,1034,"*",0.45637502741
"663","chrX",75818749,75819241,493,"*",0.48871542478
"664","chrX",75833142,75833869,728,"*",0.5
"665","chrX",75834292,75835023,732,"*",0.43524275111
"666","chrX",75873780,75875685,1906,"*",0.46689346081
"667","chrX",75895845,75896253,409,"*",0.43904336768
"668","chrX",76154263,76154405,143,"*",-0.35476715051
"669","chrX",77292702,77292879,178,"*",0.31247723925
"670","chrX",77293169,77293226,58,"*",0.32800420265
"671","chrX",77406009,77406362,354,"*",0.5
"672","chrX",77422147,77422841,695,"*",0.45491844381
"673","chrX",77433191,77434135,945,"*",0.48403076901
"674","chrX",77477831,77477918,88,"*",0.5
"675","chrX",77489876,77490751,876,"*",0.36068716065
"676","chrX",77508811,77509818,1008,"*",0.43904336768
"677","chrX",77510336,77511942,1607,"*",0.44242259755
"678","chrX",77558866,77558940,75,"*",0.18417824577
"679","chrX",77559159,77559584,426,"*",0.28310715608
"680","chrX",77600617,77601073,457,"*",0.39653786724
"681","chrX",77615915,77616285,371,"*",0.44397550205
"682","chrX",77617496,77618096,601,"*",0.5
"683","chrX",77618163,77618276,114,"*",0.5
"684","chrX",77630453,77630785,333,"*",0.44346725897
"685","chrX",77636666,77636826,161,"*",0.38509118947
"686","chrX",77638046,77638346,301,"*",0.42773307094
"687","chrX",77643509,77643730,222,"*",0.43904336768
"688","chrX",77650229,77650755,527,"*",0.45357504859
"689","chrX",77720602,77721040,439,"*",0.38069122508
"690","chrX",77722265,77722943,679,"*",0.42773307094
"691","chrX",77733735,77734661,927,"*",0.45447936814
"692","chrX",77741350,77741668,319,"*",0.47529374716
"693","chrX",77744393,77744613,221,"*",0.12755128893
"694","chrX",77765110,77765809,700,"*",0.4149043359
"695","chrX",77786057,77786873,817,"*",0.47144456945
"696","chrX",77795262,77796989,1728,"*",0.46282046067
"697","chrX",77808726,77808853,128,"*",0.2196930458
"698","chrX",77810420,77811228,809,"*",0.47924369694
"699","chrX",78480052,78480255,204,"*",0.09087297588
"700","chrX",78557552,78557700,149,"*",0.5
"701","chrX",78583311,78584136,826,"*",0.49268778648
"702","chrX",79847474,79847530,57,"*",0.27116007735
"703","chrX",82407564,82407932,369,"*",0.1322609847
"704","chrX",82408056,82408298,243,"*",0.00777515985
"705","chrX",85497187,85497266,80,"*",0.32800420265
"706","chrX",85573375,85574614,1240,"*",0.46741282877
"707","chrX",85634170,85634386,217,"*",0.5
"708","chrX",85646141,85646694,554,"*",0.37469360311
"709","chrX",85676967,85677336,370,"*",0.43093668692
"710","chrX",85775897,85777431,1535,"*",0.4600164757
"711","chrX",88125389,88126201,813,"*",0.43524275111
"712","chrX",88193940,88194290,351,"*",0.42328487344
"713","chrX",89412546,89412814,269,"*",0.45491844381
"714","chrX",89543406,89543732,327,"*",0.35244022536
"715","chrX",89548817,89550436,1620,"*",0.47109132192
"716","chrX",90318167,90318325,159,"*",0.5
"717","chrX",92343082,92343168,87,"*",0.30665927868
"718","chrX",93069090,93069389,300,"*",0.19198336723
"719","chrX",93069828,93070330,503,"*",0.33055513108
"720","chrX",93281174,93281944,771,"*",0.38347976711
"721","chrX",93288480,93289377,898,"*",0.41372624285
"722","chrX",93465823,93465923,101,"*",0.2258585977
"723","chrX",93539549,93540307,759,"*",0.48112930965
"724","chrX",93631666,93632802,1137,"*",0.47077498255
"725","chrX",93635045,93635234,190,"*",0.46295763431
"726","chrX",93674622,93675668,1047,"*",0.4804177266
"727","chrX",93700538,93701088,551,"*",0.4498380836
"728","chrX",93711365,93711755,391,"*",0.38509118947
"729","chrX",93831397,93832595,1199,"*",0.4359686284
"730","chrX",93889844,93890021,178,"*",0.12755128893
"731","chrX",93946181,93946445,265,"*",0.44684287484
"732","chrX",93956758,93957019,262,"*",0.5
"733","chrX",94007126,94007422,297,"*",0.44346725897
"734","chrX",94022552,94023029,478,"*",0.39029301207
"735","chrX",94033095,94033205,111,"*",0.5
"736","chrX",94047623,94048575,953,"*",0.42232870367
"737","chrX",94049071,94049442,372,"*",0.47339514612
"738","chrX",94061080,94061604,525,"*",0.32800420265
"739","chrX",94121192,94121589,398,"*",0.43524275111
"740","chrX",94122016,94123628,1613,"*",0.41372624285
"741","chrX",94127382,94127613,232,"*",0.40298092464
"742","chrX",94142525,94142579,55,"*",0.43524275111
"743","chrX",94152304,94152960,657,"*",0.43524275111
"744","chrX",94169344,94169974,631,"*",0.40298092464
"745","chrX",94177433,94178419,987,"*",0.21763849643
"746","chrX",94185308,94185581,274,"*",0.25496328915
"747","chrX",94197937,94198039,103,"*",0.44684287484
"748","chrX",94212223,94213627,1405,"*",0.09052079219
"749","chrX",94234113,94235403,1291,"*",0.45063284302
"750","chrX",94366477,94367503,1027,"*",0.4817108295
"751","chrX",94420272,94420385,114,"*",0.39653786724
"752","chrX",94540453,94541176,724,"*",0.5
"753","chrX",94541622,94542552,931,"*",0.36520720336
"754","chrX",94865430,94866074,645,"*",0.42350219427
"755","chrX",95026080,95026986,907,"*",0.44638553726
"756","chrX",95165870,95166709,840,"*",0.4601124474
"757","chrX",95175787,95176346,560,"*",0.37079658943
"758","chrX",95359016,95359297,282,"*",0.37079658943
"759","chrX",95443877,95446000,2124,"*",0.39128722088
"760","chrX",95457191,95457832,642,"*",0.48531062116
"761","chrX",95658081,95658789,709,"*",0.43782705324
"762","chrX",95682138,95682846,709,"*",0.45214912997
"763","chrX",95687279,95687380,102,"*",0.39298440298
"764","chrX",95711387,95712514,1128,"*",0.5
"765","chrX",95795228,95796459,1232,"*",0.46970957731
"766","chrX",95801582,95802235,654,"*",0.48707737348
"767","chrX",95849477,95849574,98,"*",0.35244022536
"768","chrX",95947943,95948749,807,"*",0.44419053376
"769","chrX",95950923,95951018,96,"*",0.39653786724
"770","chrX",95956531,95957626,1096,"*",0.47125296636
"771","chrX",95993373,95993683,311,"*",0.39855888504
"772","chrX",96019543,96020969,1427,"*",0.23933985054
"773","chrX",96025670,96026267,598,"*",0.37836241744
"774","chrX",96052909,96053050,142,"*",0.18148788702
"775","chrX",96077615,96078041,427,"*",0.29386868336
"776","chrX",96086055,96086912,858,"*",0.11369848826
"777","chrX",96095700,96097229,1530,"*",0.40723747307
"778","chrX",96098954,96099574,621,"*",0.32436861452
"779","chrX",96107321,96107792,472,"*",0.303612787
"780","chrX",96107961,96108178,218,"*",0.06212538989
"781","chrX",96121601,96122557,957,"*",0.19515550736
"782","chrX",96129502,96129926,425,"*",0.17596727763
"783","chrX",96130251,96130638,388,"*",0.23175875569
"784","chrX",96133360,96133691,332,"*",0.25161468569
"785","chrX",96135321,96135426,106,"*",0.29386868336
"786","chrX",96135752,96135851,100,"*",0.26243628433
"787","chrX",96145286,96145522,237,"*",0.46295763431
"788","chrX",96145935,96146071,137,"*",0.35244022536
"789","chrX",96164694,96164781,88,"*",0.19198336723
"790","chrX",96171834,96172175,342,"*",0.36222715184
"791","chrX",96178400,96178772,373,"*",0.5
"792","chrX",97431393,97431764,372,"*",0.42654043068
"793","chrX",98380028,98380915,888,"*",0.49410006331
"794","chrX",98553352,98554156,805,"*",0.31247723925
"795","chrX",98701731,98701885,155,"*",0.25302099665
"796","chrX",98829313,98829645,333,"*",0.276093443
"797","chrX",98842166,98842317,152,"*",0.47195854528
"798","chrX",98865262,98865472,211,"*",0.4694871063
"799","chrX",98869679,98870031,353,"*",0.5
"800","chrX",98870583,98870994,412,"*",0.5
"801","chrX",98890042,98891362,1321,"*",0.45205709611
"802","chrX",98936796,98938381,1586,"*",0.4092858181
"803","chrX",98963587,98963705,119,"*",0.17596727763
"804","chrX",98989729,98990026,298,"*",0.5
"805","chrX",99042371,99043102,732,"*",0.39927436264
"806","chrX",99046414,99046995,582,"*",0.48179099085
"807","chrX",99048026,99048480,455,"*",0.46198930932
"808","chrX",99049369,99049491,123,"*",0.46423325863
"809","chrX",99058003,99058294,292,"*",0.29386868336
"810","chrX",99062514,99062757,244,"*",0.33262380897
"811","chrX",99078313,99078705,393,"*",0.15819423839
"812","chrX",99083498,99083988,491,"*",0.37079658943
"813","chrX",99135002,99135419,418,"*",0.39047664273
"814","chrX",99135481,99136960,1480,"*",0.06086595931
"815","chrX",99149633,99150464,832,"*",0.40270551692
"816","chrX",99152632,99153091,460,"*",0.32057601184
"817","chrX",99173381,99173647,267,"*",0.39059317888
"818","chrX",99188385,99188509,125,"*",0.5
"819","chrX",99198775,99199868,1094,"*",0.3675000024
"820","chrX",99285407,99286039,633,"*",0.47641577391
"821","chrX",99291643,99293050,1408,"*",0.41716656483
"822","chrX",99294527,99295061,535,"*",0.41771345229
"823","chrX",99317690,99318767,1078,"*",0.38917816569
"824","chrX",99324584,99325069,486,"*",0.43904336768
"825","chrX",99340368,99340570,203,"*",0.32800420265
"826","chrX",99363918,99364527,610,"*",0.39047664273
"827","chrX",99415796,99415914,119,"*",0.29386868336
"828","chrX",99416008,99416336,329,"*",0.29386868336
"829","chrX",99423395,99423854,460,"*",0.31986878046
"830","chrX",99432069,99432955,887,"*",0.4149043359
"831","chrX",99442189,99442567,379,"*",0.37079658943
"832","chrX",99443250,99443633,384,"*",-0.08068153845
"833","chrX",99464125,99464440,316,"*",0.40866854932
"834","chrX",99470313,99471141,829,"*",0.44544684051
"835","chrX",99516519,99516739,221,"*",0.44397550205
"836","chrX",99530814,99531617,804,"*",0.45287287276
"837","chrX",99539899,99540625,727,"*",0.5
"838","chrX",99551037,99551137,101,"*",0.41126941048
"839","chrX",99551366,99551542,177,"*",0.45491844381
"840","chrX",99572374,99572444,71,"*",0.5
"841","chrX",99585657,99587041,1385,"*",0.32057601184
"842","chrX",99587297,99587582,286,"*",0.36578781012
"843","chrX",99602037,99602720,684,"*",0.40328207788
"844","chrX",99604237,99604581,345,"*",0.5
"845","chrX",99605087,99605751,665,"*",0.45524223183
"846","chrX",99658010,99658603,594,"*",0.359112353
"847","chrX",100462510,100462639,130,"*",0.1038762438
"848","chrX",100480465,100480781,317,"*",0.35862060895
"849","chrX",100482951,100483028,78,"*",0.41716656483
"850","chrX",100493673,100494766,1094,"*",0.4865763149
"851","chrX",100569700,100569939,240,"*",0.5
"852","chrX",100597473,100597744,272,"*",0.42467578756
"853","chrX",100625223,100626630,1408,"*",0.48517079945
"854","chrX",100686456,100686819,364,"*",0.38509118947
"855","chrX",100729441,100730328,888,"*",0.40591061164
"856","chrX",100739061,100739138,78,"*",0.26243628433
"857","chrX",100767237,100767899,663,"*",0.37079658943
"858","chrX",100776623,100777626,1004,"*",0.41841780993
"859","chrX",101126450,101127230,781,"*",0.48643016117
"860","chrX",101221847,101223115,1269,"*",0.45959520545
"861","chrX",101253795,101255221,1427,"*",0.42034303044
"862","chrX",101273753,101274609,857,"*",0.30665927868
"863","chrX",101329576,101329944,369,"*",0.27116007735
"864","chrX",101332280,101332790,511,"*",0.5
"865","chrX",101419631,101420277,647,"*",0.37079658943
"866","chrX",101428904,101430145,1242,"*",0.44544684051
"867","chrX",101472312,101472434,123,"*",0.44078115104
"868","chrX",101518161,101518472,312,"*",0.44816924197
"869","chrX",101527248,101527784,537,"*",0.5
"870","chrX",101527893,101527961,69,"*",0.5
"871","chrX",101532303,101533288,986,"*",0.41372624285
"872","chrX",101640712,101640976,265,"*",0.38509118947
"873","chrX",101733799,101733865,67,"*",0.06212538989
"874","chrX",101740865,101741120,256,"*",0.47118045063
"875","chrX",101772122,101772183,62,"*",0.31247723925
"876","chrX",101863897,101863959,63,"*",0.35244022536
"877","chrX",101882106,101882396,291,"*",0.44816924197
"878","chrX",101889422,101890142,721,"*",0.42184162453
"879","chrX",101902061,101902467,407,"*",0.45491844381
"880","chrX",101902574,101902745,172,"*",0.28310715608
"881","chrX",101932299,101932899,601,"*",0.4783795462
"882","chrX",101942464,101942812,349,"*",0.40144658229
"883","chrX",101943699,101944045,347,"*",0.22069810396
"884","chrX",101954092,101954688,597,"*",0.43720051004
"885","chrX",101964030,101964076,47,"*",0.35244022536
"886","chrX",102037579,102038068,490,"*",0.03604531931
"887","chrX",102060973,102061300,328,"*",0.5
"888","chrX",102066185,102066399,215,"*",0.41372624285
"889","chrX",102070872,102071620,749,"*",0.07902817223
"890","chrX",102118951,102119711,761,"*",0.4698196007
"891","chrX",102121443,102121552,110,"*",0.41372624285
"892","chrX",102156745,102157428,684,"*",0.42601716282
"893","chrX",102166890,102167344,455,"*",0.27926585636
"894","chrX",102189030,102189954,925,"*",0.42731159949
"895","chrX",102244482,102244766,285,"*",0.4821047304
"896","chrX",102250894,102252582,1689,"*",0.47035794244
"897","chrX",102284976,102285223,248,"*",0.33351811081
"898","chrX",102303594,102304178,585,"*",0.36352030022
"899","chrX",102304910,102305457,548,"*",0.5
"900","chrX",102350047,102350869,823,"*",0.4804177266
"901","chrX",102362027,102362532,506,"*",0.40298092464
"902","chrX",102383314,102383789,476,"*",0.25496328915
"903","chrX",102416435,102416790,356,"*",0.2853484252
"904","chrX",102504556,102505717,1162,"*",0.39986292931
"905","chrX",102643740,102644963,1224,"*",0.40280289801
"906","chrX",102645364,102645435,72,"*",0.32312235487
"907","chrX",102645811,102646021,211,"*",0.41825316574
"908","chrX",102660715,102660956,242,"*",0.20649076091
"909","chrX",102666690,102666877,188,"*",0.28147737867
"910","chrX",102689045,102689109,65,"*",-0.06489027699
"911","chrX",102933644,102934622,979,"*",0.30173836838
"912","chrX",102954282,102954337,56,"*",0.11607840847
"913","chrX",103259916,103260269,354,"*",0.39653786724
"914","chrX",103274151,103274237,87,"*",0.5
"915","chrX",103299014,103299317,304,"*",0.37836241744
"916","chrX",103356068,103356860,793,"*",0.5
"917","chrX",103356909,103357199,291,"*",0.41372624285
"918","chrX",103371758,103371812,55,"*",0.10206947092
"919","chrX",103381670,103381799,130,"*",0.32800420265
"920","chrX",103440962,103441078,117,"*",0.15819423839
"921","chrX",103443888,103443977,90,"*",0.32800420265
"922","chrX",103477594,103477948,355,"*",0.06968449216
"923","chrX",103481152,103481205,54,"*",-0.5
"924","chrX",103481282,103482157,876,"*",-0.5
"925","chrX",103483464,103483604,141,"*",-0.36171993056
"926","chrX",103484212,103484281,70,"*",-0.07180128529
"927","chrX",103492881,103493156,276,"*",0.29386868336
"928","chrX",103493333,103494253,921,"*",0.03368716068
"929","chrX",103515518,103515578,61,"*",-0.00947129814
"930","chrX",103616279,103617558,1280,"*",0.13533516269
"931","chrX",103622038,103622701,664,"*",0.06920980261
"932","chrX",103653202,103653731,530,"*",-0.5
"933","chrX",103674803,103674973,171,"*",0.40446822415
"934","chrX",103695346,103695504,159,"*",0.43093668692
"935","chrX",103719770,103719874,105,"*",0.2196930458
"936","chrX",103720544,103720689,146,"*",0.19198336723
"937","chrX",103734355,103734448,94,"*",0.38509118947
"938","chrX",103741762,103742154,393,"*",0.5
"939","chrX",103821801,103822333,533,"*",0.33351811081
"940","chrX",103952535,103952920,386,"*",0.35244022536
"941","chrX",103980266,103981634,1369,"*",0.49162666659
"942","chrX",104013430,104013728,299,"*",0.44242259755
"943","chrX",104039312,104039449,138,"*",0.46158765425
"944","chrX",104402438,104402708,271,"*",0.44242259755
"945","chrX",104413084,104414167,1084,"*",0.42937118806
"946","chrX",104433288,104433954,667,"*",0.4474195401
"947","chrX",104461806,104462100,295,"*",0.5
"948","chrX",104482470,104483777,1308,"*",0.47854701293
"949","chrX",104488098,104488657,560,"*",0.34510472753
"950","chrX",105069698,105070662,965,"*",0.16172834088
"951","chrX",105079197,105080239,1043,"*",0.13331263964
"952","chrX",105104151,105104473,323,"*",0.31795528329
"953","chrX",105120022,105121674,1653,"*",0.43524275111
"954","chrX",105346777,105346890,114,"*",0.5
"955","chrX",105546254,105546541,288,"*",0.30493010349
"956","chrX",105658653,105658977,325,"*",0.42034303044
"957","chrX",105675194,105675745,552,"*",0.5
"958","chrX",105684535,105684937,403,"*",0.41054154662
"959","chrX",105913987,105914359,373,"*",0.20649076091
"960","chrX",105928199,105928551,353,"*",0.44242259755
"961","chrX",105934473,105934522,50,"*",0.42034303044
"962","chrX",106011316,106012293,978,"*",0.47924369694
"963","chrX",106015653,106016035,383,"*",0.47641577391
"964","chrX",106026567,106027719,1153,"*",0.48543811517
"965","chrX",106035823,106036536,714,"*",0.44703649691
"966","chrX",106043926,106044440,515,"*",0.5
"967","chrX",106048070,106048454,385,"*",0.29386868336
"968","chrX",106085265,106085428,164,"*",0.44544684051
"969","chrX",106092985,106094170,1186,"*",0.4523321417
"970","chrX",106135812,106136517,706,"*",0.37594088716
"971","chrX",106170989,106171500,512,"*",0.38347976711
"972","chrX",106186545,106188009,1465,"*",0.46970957731
"973","chrX",106198286,106198344,59,"*",0.33700175163
"974","chrX",106205805,106206104,300,"*",0.32800420265
"975","chrX",106208259,106208308,50,"*",0.41372624285
"976","chrX",106219207,106220056,850,"*",0.44277508158
"977","chrX",106602499,106602736,238,"*",0.41716656483
"978","chrX",106653782,106654131,350,"*",0.40866854932
"979","chrX",106661766,106662798,1033,"*",0.44995318377
"980","chrX",106766983,106767112,130,"*",0.37079658943
"981","chrX",107477055,107477320,266,"*",0.23690637766
"982","chrX",107768005,107768727,723,"*",0.46295763431
"983","chrX",107815624,107816688,1065,"*",0.5
"984","chrX",108536776,108537181,406,"*",0.44684287484
"985","chrX",108704327,108704838,512,"*",0.37836241744
"986","chrX",108728385,108728609,225,"*",0.43782705324
"987","chrX",108731580,108732087,508,"*",0.48427258557
"988","chrX",108832784,108833266,483,"*",0.5
"989","chrX",108833540,108834950,1411,"*",0.5
"990","chrX",109012500,109014229,1730,"*",0.43395593373
"991","chrX",109094974,109096002,1029,"*",0.42134839786
"992","chrX",109127714,109128037,324,"*",0.48325854527
"993","chrX",109136335,109136886,552,"*",0.43904336768
"994","chrX",109141916,109142814,899,"*",0.47965037534
"995","chrX",109143182,109143275,94,"*",0.38509118947
"996","chrX",109146385,109146612,228,"*",0.45287287276
"997","chrX",109185097,109185980,884,"*",0.19198336723
"998","chrX",112311005,112312038,1034,"*",0.44620039118
"999","chrX",112347667,112348693,1027,"*",0.3773362918
"1000","chrX",113025117,113025459,343,"*",0.5
"1001","chrX",113081487,113081659,173,"*",0.5
"1002","chrX",113184714,113185873,1160,"*",0.34315546193
"1003","chrX",113297827,113298599,773,"*",0.42232870367
"1004","chrX",115030839,115031038,200,"*",0.31433952212
"1005","chrX",122396639,122397837,1199,"*",0.48784370893
"1006","chrX",127265620,127265862,243,"*",0.41548139885
"1007","chrX",128368923,128369540,618,"*",0.25782011606
"1008","chrX",128576322,128576831,510,"*",0.31795528329
"1009","chrX",129158667,129159626,960,"*",0.43782705324
"1010","chrX",129372688,129372800,113,"*",0.32800420265
"1011","chrX",129517409,129517577,169,"*",0.43524275111
"1012","chrX",129708951,129710059,1109,"*",0.29127967508
"1013","chrX",129720933,129721177,245,"*",0.28785381873
"1014","chrX",129749531,129750707,1177,"*",0.45063284302
"1015","chrX",129764942,129765563,622,"*",0.1322609847
"1016","chrX",129784178,129784315,138,"*",0.35244022536
"1017","chrX",130369515,130369569,55,"*",0.5
"1018","chrX",130423686,130423733,48,"*",0.42034303044
"1019","chrX",130473178,130473659,482,"*",0.45491844381
"1020","chrX",130476324,130476410,87,"*",0.27116007735
"1021","chrX",130478194,130478335,142,"*",0.41372624285
"1022","chrX",130495114,130495655,542,"*",0.5
"1023","chrX",130524538,130524596,59,"*",0.27116007735
"1024","chrX",130524664,130524973,310,"*",0.39111453721
"1025","chrX",130533115,130534016,902,"*",0.39877857926
"1026","chrX",130768858,130769048,191,"*",0.04618145705
"1027","chrX",131363493,131363674,182,"*",0.5
"1028","chrX",131585533,131586740,1208,"*",0.46158765425
"1029","chrX",131701619,131701757,139,"*",0.43524275111
"1030","chrX",133362317,133362501,185,"*",0.5
"1031","chrX",133372504,133372752,249,"*",0.45679382444
"1032","chrX",133520087,133520916,830,"*",0.44544684051
"1033","chrX",133600993,133601788,796,"*",0.47714242271
"1034","chrX",133601929,133602610,682,"*",0.5
"1035","chrX",133647671,133648169,499,"*",0.39986292931
"1036","chrX",133655329,133656642,1314,"*",0.48250660973
"1037","chrX",133657897,133658277,381,"*",0.5
"1038","chrX",133687397,133689417,2021,"*",0.5
"1039","chrX",133692054,133692382,329,"*",0.40591061164
"1040","chrX",133734967,133735238,272,"*",0.05315456254
"1041","chrX",133873126,133873338,213,"*",0.24282860397
"1042","chrX",133897892,133898857,966,"*",0.41461283932
"1043","chrX",133911450,133912057,608,"*",0.43315899906
"1044","chrX",133914207,133914669,463,"*",0.44447468809
"1045","chrX",133923827,133923997,171,"*",0.2258585977
"1046","chrX",133931760,133932240,481,"*",0.36222715184
"1047","chrX",133941572,133942005,434,"*",0.5
"1048","chrX",133947318,133948049,732,"*",0.26782383531
"1049","chrX",134019181,134019261,81,"*",0.46158765425
"1050","chrX",134058864,134059971,1108,"*",0.5
"1051","chrX",134102818,134102947,130,"*",0.17596727763
"1052","chrX",134160315,134160768,454,"*",0.44346725897
"1053","chrX",134276373,134277054,682,"*",0.46360662102
"1054","chrX",134299227,134300077,851,"*",0.43904336768
"1055","chrX",134307700,134308563,864,"*",0.45587605225
"1056","chrX",134319319,134319558,240,"*",0.32436861452
"1057","chrX",134359509,134359555,47,"*",0.5
"1058","chrX",134499689,134499879,191,"*",0.42601716282
"1059","chrX",134540834,134542145,1312,"*",0.40711271982
"1060","chrX",134585085,134586221,1137,"*",0.48270085571
"1061","chrX",134600134,134601939,1806,"*",0.46837209366
"1062","chrX",134609551,134609692,142,"*",0.40866854932
"1063","chrX",134609835,134610002,168,"*",0.20649076091
"1064","chrX",134612404,134612960,557,"*",0.42806674524
"1065","chrX",134648166,134648373,208,"*",0.21021315597
"1066","chrX",134729919,134730048,130,"*",0.39298440298
"1067","chrX",134738915,134739643,729,"*",0.47387318585
"1068","chrX",134756345,134757426,1082,"*",0.42101610707
"1069","chrX",134807913,134808106,194,"*",0.10637833614
"1070","chrX",134808754,134809146,393,"*",0.25982025934
"1071","chrX",134844440,134844669,230,"*",0.5
"1072","chrX",134930578,134930642,65,"*",0.31247723925
"1073","chrX",135008063,135008308,246,"*",0.4694871063
"1074","chrX",135008741,135009629,889,"*",0.47791991419
"1075","chrX",135060836,135060972,137,"*",0.19198336723
"1076","chrX",135063031,135063195,165,"*",0.29386868336
"1077","chrX",135098238,135098396,159,"*",0.31002726266
"1078","chrX",135110850,135111103,254,"*",0.276093443
"1079","chrX",135296251,135296412,162,"*",0.25782011606
"1080","chrX",135564184,135564316,133,"*",0.37079658943
"1081","chrX",135652242,135652342,101,"*",0.5
"1082","chrX",135692821,135693092,272,"*",0.5
"1083","chrX",135741969,135743230,1262,"*",0.44684287484
"1084","chrX",135752879,135753127,249,"*",0.303612787
"1085","chrX",135796846,135797408,563,"*",0.34619699348
"1086","chrX",135817714,135817798,85,"*",0.5
"1087","chrX",135838950,135839416,467,"*",0.42034303044
"1088","chrX",135885171,135886464,1294,"*",0.46303518453
"1089","chrX",135903278,135903345,68,"*",0.5
"1090","chrX",135975287,135975401,115,"*",-0.00947129814
"1091","chrX",136000491,136000620,130,"*",0.5
"1092","chrX",136047658,136047780,123,"*",0.2258585977
"1093","chrX",136171229,136171734,506,"*",0.5
"1094","chrX",136171885,136172533,649,"*",0.46737871174
"1095","chrX",136244739,136245973,1235,"*",0.45256539557
"1096","chrX",136267659,136268043,385,"*",0.5
"1097","chrX",136269844,136270389,546,"*",0.4879284822
"1098","chrX",136306118,136306536,419,"*",0.33750179312
"1099","chrX",136314897,136315467,571,"*",-0.5
"1100","chrX",136599384,136599706,323,"*",0.18634587535
"1101","chrX",136712183,136712542,360,"*",0.29808690656
"1102","chrX",136715129,136715576,448,"*",0.45063284302
"1103","chrX",136741201,136742072,872,"*",0.44684287484
"1104","chrX",136761236,136761329,94,"*",0.25302099665
"1105","chrX",136772858,136773759,902,"*",0.45063284302
"1106","chrX",136801895,136802286,392,"*",0.5
"1107","chrX",136820072,136820708,637,"*",0.42688518302
"1108","chrX",136831326,136831742,417,"*",0.39921512522
"1109","chrX",136867913,136868728,816,"*",0.39653786724
"1110","chrX",136978757,136979069,313,"*",0.38757876558
"1111","chrX",136986397,136986454,58,"*",0.2196930458
"1112","chrX",137015432,137015600,169,"*",0.29386868336
"1113","chrX",137019465,137019748,284,"*",0.42601716282
"1114","chrX",137034377,137034585,209,"*",0.27116007735
"1115","chrX",137037814,137038622,809,"*",0.45610913131
"1116","chrX",137118178,137119341,1164,"*",0.19198336723
"1117","chrX",137141612,137142152,541,"*",0.26103477852
"1118","chrX",138170243,138170343,101,"*",0.15819423839
"1119","chrX",138914361,138914558,198,"*",-0.00947129814
"1120","chrX",139058652,139058922,271,"*",0.24282860397
"1121","chrX",139078565,139078741,177,"*",0.276093443
"1122","chrX",139082104,139082387,284,"*",0.47882043249
"1123","chrX",139085189,139085345,157,"*",0.20649076091
"1124","chrX",139097339,139097667,329,"*",0.48718368186
"1125","chrX",139209777,139210361,585,"*",0.4365612104
"1126","chrX",139215018,139215349,332,"*",0.37594088716
"1127","chrX",139219131,139219709,579,"*",0.29386868336
"1128","chrX",139222039,139222155,117,"*",0.42034303044
"1129","chrX",139230972,139231653,682,"*",0.47768269092
"1130","chrX",139247442,139247506,65,"*",0.15819423839
"1131","chrX",139295448,139295660,213,"*",0.44242259755
"1132","chrX",139391119,139391543,425,"*",0.42601716282
"1133","chrX",139392887,139393244,358,"*",0.36222715184
"1134","chrX",139413407,139413614,208,"*",0.37836241744
"1135","chrX",139416862,139416993,132,"*",0.09697898174
"1136","chrX",139578834,139579120,287,"*",0.5
"1137","chrX",139610091,139611332,1242,"*",0.46423325863
"1138","chrX",139684610,139685898,1289,"*",0.4765753474
"1139","chrX",139774441,139775589,1149,"*",0.41167186412
"1140","chrX",139777370,139777828,459,"*",0.33484178736
"1141","chrX",139783006,139783401,396,"*",0.5
"1142","chrX",139797972,139798678,707,"*",0.39905186246
"1143","chrX",139802445,139802586,142,"*",0.38509118947
"1144","chrX",139803032,139803451,420,"*",0.47924369694
"1145","chrX",139807948,139808808,861,"*",0.5
"1146","chrX",139814970,139816259,1290,"*",0.45357504859
"1147","chrX",139832620,139832734,115,"*",0.42034303044
"1148","chrX",139871001,139871890,890,"*",0.43524275111
"1149","chrX",139920566,139921008,443,"*",0.41572632261
"1150","chrX",139997918,139998661,744,"*",0.48462188384
"1151","chrX",140202169,140203054,886,"*",0.45884811336
"1152","chrX",140255538,140256051,514,"*",0.48352411986
"1153","chrX",140295482,140295669,188,"*",0.42034303044
"1154","chrX",140319286,140319362,77,"*",0.42601716282
"1155","chrX",140389242,140389302,61,"*",0.27116007735
"1156","chrX",140456014,140457158,1145,"*",0.46211310953
"1157","chrX",140510783,140511523,741,"*",0.38509118947
"1158","chrX",140520160,140520728,569,"*",-0.5
"1159","chrX",140521793,140522614,822,"*",0.2196930458
"1160","chrX",140527250,140527773,524,"*",0.29386868336
"1161","chrX",140542367,140543517,1151,"*",0.40483295115
"1162","chrX",140558049,140558803,755,"*",0.33868946662
"1163","chrX",140590124,140590585,462,"*",0.34186781472
"1164","chrX",140664638,140665916,1279,"*",0.5
"1165","chrX",140705785,140706510,726,"*",0.48146605405
"1166","chrX",140956160,140957235,1076,"*",0.47910450112
"1167","chrX",140982548,140982809,262,"*",0.40144658229
"1168","chrX",140983292,140984049,758,"*",0.34510472753
"1169","chrX",140998623,140998715,93,"*",-0.5
"1170","chrX",141150147,141150737,591,"*",-0.16368147165
"1171","chrX",141155970,141156989,1020,"*",0.44901731589
"1172","chrX",141157047,141157184,138,"*",0.29386868336
"1173","chrX",141157702,141157863,162,"*",0.5
"1174","chrX",141158102,141158403,302,"*",0.44816924197
"1175","chrX",141175607,141175880,274,"*",0.40591061164
"1176","chrX",141193916,141194015,100,"*",0.4804177266
"1177","chrX",141199005,141199287,283,"*",0.38069122508
"1178","chrX",141212854,141213075,222,"*",0.44397550205
"1179","chrX",141291137,141291253,117,"*",0.31795528329
"1180","chrX",141292592,141293240,649,"*",0.46158765425
"1181","chrX",141363110,141363981,872,"*",0.47144456945
"1182","chrX",141473644,141474331,688,"*",0.43524275111
"1183","chrX",141475046,141476001,956,"*",0.41572632261
"1184","chrX",141494431,141494937,507,"*",0.36520720336
"1185","chrX",141724042,141724215,174,"*",0.35244022536
"1186","chrX",141820296,141820718,423,"*",0.22262866668
"1187","chrX",141827284,141827451,168,"*",0.5
"1188","chrX",141869091,141869147,57,"*",0.41126941048
"1189","chrX",142025783,142026867,1085,"*",0.44995318377
"1190","chrX",142090423,142090769,347,"*",0.40591061164
"1191","chrX",142227788,142228847,1060,"*",0.2196930458
"1192","chrX",142255468,142255529,62,"*",-0.00947129814
"1193","chrX",142316485,142316550,66,"*",0.32800420265
"1194","chrX",142316722,142316802,81,"*",0.24282860397
"1195","chrX",142369608,142370411,804,"*",0.40866854932
"1196","chrX",142378208,142378583,376,"*",0.3938954578
"1197","chrX",142389909,142391010,1102,"*",0.45851940602
"1198","chrX",142467920,142468018,99,"*",0.44242259755
"1199","chrX",142468430,142468634,205,"*",0.5
"1200","chrX",142481289,142481953,665,"*",0.43272605223
"1201","chrX",142489962,142490669,708,"*",0.47744031494
"1202","chrX",142516489,142516872,384,"*",0.36664940208
"1203","chrX",142540156,142540594,439,"*",0.21575908016
"1204","chrX",142560389,142560782,394,"*",0.33433517962
"1205","chrX",142611920,142612544,625,"*",0.47405962596
"1206","chrX",142699018,142699372,355,"*",0.38818392153
"1207","chrX",142700852,142701107,256,"*",0.43524275111
"1208","chrX",142705040,142706232,1193,"*",0.47548810729
"1209","chrX",142808587,142808680,94,"*",0.01435117083
"1210","chrX",142813224,142813381,158,"*",0.34115651035
"1211","chrX",142886040,142886316,277,"*",0.44943102992
"1212","chrX",142897562,142898392,831,"*",0.4682431526
"1213","chrX",142898449,142898723,275,"*",0.47586779565
"1214","chrX",142902219,142902412,194,"*",0.5
"1215","chrX",142902543,142903164,622,"*",0.46599005438
"1216","chrX",142956910,142957223,314,"*",0.44816924197
"1217","chrX",142959479,142959582,104,"*",0.5
"1218","chrX",143007934,143008135,202,"*",0.39653786724
"1219","chrX",143039791,143040265,475,"*",0.359112353
"1220","chrX",143047484,143047767,284,"*",0.34510472753
"1221","chrX",143051545,143051672,128,"*",-0.03883978482
"1222","chrX",143058730,143059120,391,"*",0.5
"1223","chrX",143336587,143337009,423,"*",0.33940212138
"1224","chrX",143338128,143338596,469,"*",0.36664940208
"1225","chrX",143344450,143345320,871,"*",0.32685729958
"1226","chrX",143444562,143444888,327,"*",-0.04939644239
"1227","chrX",143501090,143502025,936,"*",0.44671892199
"1228","chrX",143518299,143519313,1015,"*",0.27834216447
"1229","chrX",143548158,143548549,392,"*",0.44943102992
"1230","chrX",143557590,143557667,78,"*",0.5
"1231","chrX",143573474,143574107,634,"*",0.37914872277
"1232","chrX",143618374,143618669,296,"*",0.44816924197
"1233","chrX",143664070,143664881,812,"*",0.46295763431
"1234","chrX",143668411,143668514,104,"*",0.5
"1235","chrX",143669976,143670321,346,"*",0.24904254971
"1236","chrX",143683872,143683982,111,"*",0.43093668692
"1237","chrX",143722386,143722533,148,"*",0.5
"1238","chrX",143736142,143736242,101,"*",0.39653786724
"1239","chrX",143738186,143738526,341,"*",0.42034303044
"1240","chrX",143739267,143739634,368,"*",0.26600441876
"1241","chrX",143762388,143762504,117,"*",0.22942943356
"1242","chrX",143762559,143763342,784,"*",0.40404795502
"1243","chrX",143885016,143885396,381,"*",0.5
"1244","chrX",143996733,143997009,277,"*",0.41716656483
"1245","chrX",144079072,144079127,56,"*",0.15819423839
"1246","chrX",144317618,144319027,1410,"*",0.4904747811
"1247","chrX",144383443,144383528,86,"*",0.35244022536
"1248","chrX",144403236,144403943,708,"*",0.19198336723
"1249","chrX",145307360,145307487,128,"*",0.40591061164
"1250","chrX",145308689,145308797,109,"*",0.26467900019
"1251","chrX",145418005,145418095,91,"*",0.39653786724
"1252","chrX",145440745,145441112,368,"*",0.5
"1253","chrX",145490314,145491055,742,"*",0.44918361117
"1254","chrX",145498823,145498932,110,"*",0.45679382444
"1255","chrX",145504666,145506394,1729,"*",0.48384446973
"1256","chrX",145507837,145508218,382,"*",0.38818392153
"1257","chrX",145510451,145511050,600,"*",0.47186358894
"1258","chrX",145559914,145560215,302,"*",0.42856151896
"1259","chrX",145582735,145582829,95,"*",0.2196930458
"1260","chrX",145600089,145600968,880,"*",0.36664940208
"1261","chrX",146946346,146946624,279,"*",-0.00947129814
"1262","chrX",147055868,147056094,227,"*",0.24674783218
"1263","chrX",147102907,147103134,228,"*",0.32800420265
"1264","chrX",147251443,147252128,686,"*",0.44346725897
"1265","chrX",147429219,147430036,818,"*",0.32800420265
"1266","chrX",147431882,147431947,66,"*",0.20649076091
"1267","chrX",147435223,147435767,545,"*",0.20267149101
"1268","chrX",147440470,147440664,195,"*",0.5
"1269","chrX",147608821,147609310,490,"*",-0.36171993056
"1270","chrX",150133090,150133280,191,"*",0.46542395066
"1271","chrX",150440675,150441423,749,"*",0.5
"1272","chrX",150458342,150459628,1287,"*",0.09087297588
"1273","chrX",150477702,150478747,1046,"*",0.02457834964
"1274","chrX",150581819,150582400,582,"*",0.4365612104
"1275","chrX",150587734,150588687,954,"*",0.48961784232
"1276","chrX",150709582,150709744,163,"*",0.3818225064
"1277","chrX",150812537,150813742,1206,"*",0.46423325863
"1278","chrX",150960863,150960933,71,"*",0.27926585636
"1279","chrX",151016760,151017886,1127,"*",0.5
"1280","chrX",151046574,151048219,1646,"*",0.42482722644
"1281","chrX",151086488,151087218,731,"*",0.32057601184
"1282","chrX",151095916,151096854,939,"*",0.4729798629
"1283","chrX",151116746,151117662,917,"*",0.33700175163
"1284","chrX",151169353,151169897,545,"*",0.32800420265
"1285","chrX",151509970,151510305,336,"*",0.48146605405
"1286","chrX",151520221,151521573,1353,"*",0.44294971012
"1287","chrX",151792829,151793018,190,"*",0.41372624285
"1288","chrX",151793469,151794275,807,"*",0.44880790994
"1289","chrX",151800706,151801438,733,"*",0.45491844381
"1290","chrX",151802853,151803951,1099,"*",0.45491844381
"1291","chrX",151947169,151947268,100,"*",0.5
"1292","chrX",151951037,151951496,460,"*",0.4682431526
"1293","chrX",151951625,151951693,69,"*",0.5
"1294","chrX",152001495,152002509,1015,"*",0.32057601184
"1295","chrX",152015742,152017109,1368,"*",0.40373031849
"1296","chrX",152147537,152147720,184,"*",0.24282860397
"1297","chrX",152151656,152151963,308,"*",-0.00947129814
"1298","chrX",152165994,152166620,627,"*",0.3470061369
"1299","chrX",152172437,152172961,525,"*",0.41126941048
"1300","chrX",152175413,152175548,136,"*",0.26884504523
"1301","chrX",152178829,152179678,850,"*",0.34938327889
"1302","chrX",152232577,152233777,1201,"*",-0.01784552092
"1303","chrX",152234073,152234454,382,"*",0.11425031576
"1304","chrX",152247978,152248617,640,"*",0.36845892578
"1305","chrX",152308115,152308160,46,"*",0.19574302378
"1306","chrX",152327104,152327905,802,"*",0.38509118947
"1307","chrX",152336393,152337120,728,"*",0.31366186751
"1308","chrX",152341924,152343014,1091,"*",0.45491844381
"1309","chrX",152618585,152618812,228,"*",0.24282860397
"1310","chrX",152644940,152645006,67,"*",0.44544684051
"1311","chrX",152657452,152657939,488,"*",0.44346725897
"1312","chrX",152702593,152702780,188,"*",0.5
"1313","chrX",152703743,152704289,547,"*",0.32143290002
"1314","chrX",152705493,152705844,352,"*",0.45063284302
"1315","chrX",152716705,152716944,240,"*",0.45851940602
"1316","chrX",152732087,152732603,517,"*",0.45547067593
"1317","chrX",152735244,152735840,597,"*",0.3938954578
"1318","chrX",152735960,152736053,94,"*",0.5
"1319","chrX",152740742,152741607,866,"*",0.39264921916
"1320","chrX",152762482,152763128,647,"*",0.43315899906
"1321","chrX",152764187,152764570,384,"*",0.37342098408
"1322","chrX",152768848,152770213,1366,"*",0.46503596076
"1323","chrX",152782205,152782372,168,"*",0.04233580013
"1324","chrX",153139523,153140424,902,"*",0.5
"1325","chrX",153199319,153199477,159,"*",0.42601716282
"1326","chrX",153237972,153238543,572,"*",0.32800420265
"1327","chrX",153359404,153360505,1102,"*",0.47405962596
"1328","chrX",153433538,153434324,787,"*",0.42717001439
"1329","chrX",153439668,153440364,697,"*",0.45063284302
"1330","chrX",153473662,153474301,640,"*",0.5
"1331","chrX",153599713,153599969,257,"*",0.36222715184
"1332","chrX",153681286,153681400,115,"*",0.45491844381
"1333","chrX",153695104,153695674,571,"*",0.42034303044
"1334","chrX",153695924,153696318,395,"*",0.48651823283
"1335","chrX",153705954,153706471,518,"*",0.4365612104
"1336","chrX",153707920,153708221,302,"*",0.5
"1337","chrX",153719763,153719883,121,"*",0.5
"1338","chrX",153722942,153724210,1269,"*",0.43604032211
"1339","chrX",153724506,153724766,261,"*",0.45287287276
"1340","chrX",153738873,153739391,519,"*",0.4694871063
"1341","chrX",153832165,153832486,322,"*",0.29386868336
"1342","chrX",153893146,153893705,560,"*",0.43524275111
"1343","chrX",154713168,154714440,1273,"*",0.48215597222
"1344","chrX",154742391,154742985,595,"*",0.46617465858
"1345","chrX",154851490,154851706,217,"*",0.5
"1346","chrX",155040184,155040242,59,"*",0.25302099665
"1347","chrX",155097973,155098719,747,"*",0.1660445091
"1348","chrX",155208849,155209329,481,"*",0.5
"1349","chrX",155212248,155212637,390,"*",0.42034303044
"1350","chrX",155215776,155216809,1034,"*",0.4877505173
"1351","chrX",155255991,155256693,703,"*",0.5
"1352","chrX",155257736,155257830,95,"*",0.45491844381
"1353","chrX",155261378,155262998,1621,"*",0.47851111245
"1354","chrX",155267405,155267745,341,"*",0.44656941338
"1355","chrX",155278216,155279012,797,"*",0.44960628763
"1356","chrX",155280635,155280903,269,"*",0.44078115104
"1357","chrX",155318162,155318460,299,"*",0.10637833614
"1358","chrX",155319799,155320436,638,"*",0.43904336768
"1359","chrX",155337817,155338797,981,"*",0.46360662102
"1360","chrX",155375563,155375929,367,"*",0.35111821681
"1361","chrX",155376701,155376916,216,"*",0.26243628433
"1362","chrX",155592301,155592988,688,"*",0.39767048801
"1363","chrX",157307482,157307621,140,"*",0.31247723925
"1364","chrX",157334860,157335000,141,"*",0.38509118947
"1365","chrX",157372449,157372551,103,"*",0.5
"1366","chrX",157433445,157434053,609,"*",0.37357204404
"1367","chrX",157434482,157434665,184,"*",0.35750153469
"1368","chrX",157454407,157454773,367,"*",0.29675000137
"1369","chrX",157486923,157487021,99,"*",0.31247723925
"1370","chrX",157488852,157489063,212,"*",0.41251507202
"1371","chrX",157504591,157504789,199,"*",0.22785394672
"1372","chrX",157597710,157598985,1276,"*",0.42601716282
"1373","chrX",157644238,157644900,663,"*",0.27729372687
"1374","chrX",157645477,157645826,350,"*",0.40758500611
"1375","chrX",157648257,157648426,170,"*",0.5
"1376","chrX",157731636,157732225,590,"*",0.42676242928
"1377","chrX",158374728,158374792,65,"*",0.11607840847
"1378","chrX",158652388,158652454,67,"*",0.5
"1379","chrX",158922051,158922348,298,"*",0.46758234905
"1380","chrX",158925195,158925336,142,"*",0.15819423839
"1381","chrX",158971737,158971979,243,"*",0.32800420265
"1382","chrX",159254511,159255472,962,"*",0.46049177083
"1383","chrX",159255635,159256736,1102,"*",0.41251507202
"1384","chrX",159264793,159264888,96,"*",0.15819423839
"1385","chrX",159321303,159321605,303,"*",0.35244022536
"1386","chrX",159371711,159372896,1186,"*",0.46997711969
"1387","chrX",159387005,159387502,498,"*",0.46653791942
"1388","chrX",159409247,159409692,446,"*",0.43904336768
"1389","chrX",159442335,159442412,78,"*",0.41372624285
"1390","chrX",159532411,159533625,1215,"*",0.45933152114
"1391","chrX",159607025,159607177,153,"*",0.27926585636
"1392","chrX",159626537,159628097,1561,"*",0.1823205589
"1393","chrX",159650104,159651079,976,"*",0.4685635539
"1394","chrX",159744651,159744902,252,"*",0.42773307094
"1395","chrX",159809522,159809812,291,"*",0.41878584542
"1396","chrX",159811920,159812275,356,"*",0.48004142387
"1397","chrX",159812444,159812540,97,"*",0.39653786724
"1398","chrX",159837129,159837918,790,"*",0.2258585977
"1399","chrX",159865587,159865737,151,"*",0.48270085571
"1400","chrX",159878643,159878925,283,"*",0.46423325863
"1401","chrX",159963329,159963537,209,"*",0.47339514612
"1402","chrX",159968935,159969472,538,"*",0.38230080042
"1403","chrX",160116693,160117198,506,"*",0.36068716065
"1404","chrX",160137572,160138965,1394,"*",0.48352411986
"1405","chrX",160153284,160153657,374,"*",0.29386868336
"1406","chrX",160164877,160165350,474,"*",0.42494793981
"1407","chrX",160166562,160167337,776,"*",0.33197911686
"1408","chrX",160170231,160170402,172,"*",0.37079658943
"1409","chrX",160320459,160320857,399,"*",0.44544684051
"1410","chrX",160326374,160326534,161,"*",0.41372624285
"1411","chrX",160326712,160326937,226,"*",0.5
"1412","chrX",160338457,160338880,424,"*",0.38069122508
"1413","chrX",160449530,160449667,138,"*",0.20649076091
"1414","chrX",160471140,160471667,528,"*",0.43904336768
"1415","chrX",160501762,160502912,1151,"*",0.41716656483
"1416","chrX",160509166,160509290,125,"*",0.2853484252
"1417","chrX",160583692,160583861,170,"*",0.32800420265
"1418","chrX",160598762,160599101,340,"*",0.5
"1419","chrX",160600990,160601600,611,"*",0.43859286799
"1420","chrX",160603932,160604621,690,"*",0.41504933913
"1421","chrX",160765766,160766778,1013,"*",0.47714242271
"1422","chrX",160802593,160802971,379,"*",0.15819423839
"1423","chrX",160862123,160862337,215,"*",0.41126941048
"1424","chrX",160935710,160935783,74,"*",0.44242259755
"1425","chrX",160944605,160945202,598,"*",0.43131727779
"1426","chrX",160993955,160995566,1612,"*",0.4898462143
"1427","chrX",161033485,161033633,149,"*",0.35244022536
"1428","chrX",161582051,161582515,465,"*",0.43206601265
"1429","chrX",161584425,161584509,85,"*",0.40298092464
"1430","chrX",161789998,161790320,323,"*",0.27116007735
"1431","chrX",161820397,161820616,220,"*",0.5
"1432","chrX",161826365,161826455,91,"*",0.27116007735
"1433","chrX",161904556,161904750,195,"*",0.36664940208
"1434","chrX",161907277,161907442,166,"*",0.5
"1435","chrX",161909481,161910485,1005,"*",0.46992882772
"1436","chrX",161921405,161921836,432,"*",0.4601124474
"1437","chrX",161943126,161943362,237,"*",0.5
"1438","chrX",161961265,161962183,919,"*",0.45287287276
"1439","chrX",161993103,161993487,385,"*",0.5
"1440","chrX",161996943,161997775,833,"*",0.47529374716
"1441","chrX",162003664,162004434,771,"*",0.46036613385
"1442","chrX",162021995,162022119,125,"*",0.43093668692
"1443","chrX",162025391,162025495,105,"*",0.18148788702
"1444","chrX",162045422,162046023,602,"*",0.40591061164
"1445","chrX",162055546,162056164,619,"*",0.32800420265
"1446","chrX",162063087,162063555,469,"*",0.47233204672
"1447","chrX",162085338,162085863,526,"*",0.5
"1448","chrX",162102915,162103326,412,"*",0.39653786724
"1449","chrX",162137624,162138266,643,"*",0.44889786561
"1450","chrX",162158630,162160433,1804,"*",0.44638553726
"1451","chrX",162176401,162176476,76,"*",0.43524275111
"1452","chrX",162267815,162268133,319,"*",0.37079658943
"1453","chrX",162279744,162280280,537,"*",0.35862060895
"1454","chrX",162302883,162303028,146,"*",0.5
"1455","chrX",162304060,162304492,433,"*",0.5
"1456","chrX",162340596,162340994,399,"*",0.5
"1457","chrX",162346044,162346130,87,"*",0.37079658943
"1458","chrX",162413041,162413385,345,"*",0.39298440298
"1459","chrX",162510010,162510921,912,"*",0.4238473581
"1460","chrX",162542568,162543032,465,"*",0.40298092464
"1461","chrX",162556301,162556371,71,"*",0.13411167998
"1462","chrX",162565337,162566239,903,"*",0.39653786724
"1463","chrX",162591396,162591627,232,"*",0.5
"1464","chrX",162643244,162643759,516,"*",0.35244022536
"1465","chrX",162719769,162719874,106,"*",0.15819423839
"1466","chrX",162722043,162722709,667,"*",0.44544684051
"1467","chrX",162759728,162761177,1450,"*",0.44954269829
"1468","chrX",162762109,162762228,120,"*",0.4821047304
"1469","chrX",162828258,162828881,624,"*",0.40591061164
"1470","chrX",162828944,162829966,1023,"*",0.49444704676
"1471","chrX",162852456,162852580,125,"*",-0.5
"1472","chrX",162871796,162872045,250,"*",0.5
"1473","chrX",162901600,162902757,1158,"*",0.41572632261
"1474","chrX",162915815,162916039,225,"*",0.32312235487
"1475","chrX",162921833,162922294,462,"*",0.276093443
"1476","chrX",162949932,162950059,128,"*",0.2196930458
"1477","chrX",162955289,162955490,202,"*",0.24282860397
"1478","chrX",162955716,162955975,260,"*",0.5
"1479","chrX",162964040,162964757,718,"*",0.29955187927
"1480","chrX",162991163,162992042,880,"*",0.36759384418
"1481","chrX",163094688,163095953,1266,"*",0.45679382444
"1482","chrX",163099709,163099869,161,"*",0.5
"1483","chrX",163106714,163106800,87,"*",0.35244022536
"1484","chrX",163115537,163115858,322,"*",0.42601716282
"1485","chrX",163137079,163137190,112,"*",0.43093668692
"1486","chrX",163453213,163453471,259,"*",0.41372624285
"1487","chrX",163549750,163549937,188,"*",0.37594088716
"1488","chrX",163670000,163670135,136,"*",0.37594088716
"1489","chrX",163859037,163859123,87,"*",0.5
"1490","chrX",163879504,163879972,469,"*",0.47924369694
"1491","chrX",163908323,163909682,1360,"*",0.48726227234
"1492","chrX",163938653,163939052,400,"*",0.11417682987
"1493","chrX",163957753,163959200,1448,"*",0.47617533171
"1494","chrX",164004647,164005060,414,"*",0.13322057224
"1495","chrX",164013153,164014153,1001,"*",0.34185755146
"1496","chrX",164015109,164015191,83,"*",0.31580292658
"1497","chrX",164027750,164028633,884,"*",0.39653786724
"1498","chrX",164038819,164038877,59,"*",0.5
"1499","chrX",164039051,164039242,192,"*",-0.00947129814
"1500","chrX",164039300,164039448,149,"*",0.20649076091
"1501","chrX",164060420,164060542,123,"*",-0.16237107362
"1502","chrX",164066263,164066602,340,"*",0.21455726706
"1503","chrX",164075937,164076841,905,"*",0.47450263079
"1504","chrX",164088848,164088982,135,"*",0.30665927868
"1505","chrX",164092519,164093000,482,"*",0.42601716282
"1506","chrX",164106073,164106216,144,"*",0.21229815226
"1507","chrX",164124070,164124174,105,"*",0.41650062715
"1508","chrX",164133339,164133843,505,"*",0.45767419549
"1509","chrX",164179728,164180211,484,"*",0.17466600464
"1510","chrX",164365211,164365801,591,"*",0.4018698316
"1511","chrX",164373143,164373651,509,"*",0.33262380897
"1512","chrX",164381748,164382514,767,"*",0.41572632261
"1513","chrX",164398381,164398662,282,"*",0.33055513108
"1514","chrX",164419251,164420206,956,"*",0.4856224172
"1515","chrX",164440373,164440852,480,"*",0.46808049024
"1516","chrX",164446085,164446547,463,"*",0.39653786724
"1517","chrX",164454387,164454648,262,"*",0.44021300479
"1518","chrX",164506552,164507332,781,"*",0.36373346855
"1519","chrX",164508686,164509091,406,"*",0.5
"1520","chrX",164975932,164976333,402,"*",0.40092429307
"1521","chrX",164980061,164980913,853,"*",0.49223204449
"1522","chrX",164995106,164995639,534,"*",0.45959520545
"1523","chrX",165113193,165113591,399,"*",0.37503625199
"1524","chrX",165362676,165363603,928,"*",0.4624554987
"1525","chrX",166170086,166170761,676,"*",0.45913148823
"1526","chrX",166236621,166236691,71,"*",0.5
"1527","chrX",166269673,166270167,495,"*",0.43487360573
"1528","chrX",166302078,166303551,1474,"*",0.41605068799
"1529","chrX",166351945,166352050,106,"*",0.303612787
"1530","chrX",166384475,166385616,1142,"*",0.35244022536
"1531","chrX",166439849,166441253,1405,"*",0.41621193612
"1532","chrX",166474202,166474524,323,"*",0.5
"1533","chrX",166479017,166480140,1124,"*",0.46023969528
"1534","chrX",166509833,166510803,971,"*",0.44729247613
"1535","chrX",166552427,166552894,468,"*",0.39653786724
"1536","chrX",166559117,166559951,835,"*",0.42705634856
"1537","chrX",166660969,166662296,1328,"*",0.4039016144
"1538","chrX",166924816,166924998,183,"*",0.41372624285
"1539","chrX",166971628,166972428,801,"*",0.40591061164
"1540","chrX",167056225,167056273,49,"*",0.5
"1541","chrX",167088563,167089049,487,"*",0.5
"1542","chrX",167091837,167092430,594,"*",0.38509118947
"1543","chrX",167158402,167158644,243,"*",0.3938954578
"1544","chrX",167176710,167176950,241,"*",0.26946695467
"1545","chrX",167205911,167206787,877,"*",0.49038661615
"1546","chrX",167208722,167209287,566,"*",0.45653552293
"1547","chrX",167212743,167213144,402,"*",0.39653786724
"1548","chrX",167233194,167233866,673,"*",0.30622986528
"1549","chrX",167276911,167277246,336,"*",0.36222715184
"1550","chrX",167289746,167290013,268,"*",0.5
"1551","chrX",167290269,167290450,182,"*",0.5
"1552","chrX",167319257,167319324,68,"*",-0.00947129814
"1553","chrX",167319376,167319562,187,"*",0.39653786724
"1554","chrX",167381852,167383039,1188,"*",0.43864325208
"1555","chrX",167395083,167395476,394,"*",0.5
"1556","chrX",167400558,167400670,113,"*",0.44397550205
"1557","chrX",167403362,167403787,426,"*",0.38509118947
"1558","chrX",167518111,167518758,648,"*",0.44004866945
"1559","chrX",167534124,167534250,127,"*",0.39653786724
"1560","chrX",167719912,167720548,637,"*",0.44242259755
"1561","chrX",167720663,167720750,88,"*",0.5
"1562","chrX",167733391,167733747,357,"*",0.5
"1563","chrX",167783647,167783791,145,"*",0.5
"1564","chrX",167854612,167855573,962,"*",0.28862480371
"1565","chrX",167862085,167862570,486,"*",0.5
"1566","chrX",167908974,167910095,1122,"*",0.5
"1567","chrX",167932348,167932757,410,"*",0.38134030923
"1568","chrX",167955186,167955332,147,"*",0.31247723925
"1569","chrX",168020707,168021139,433,"*",0.40373031849
"1570","chrX",168123268,168123856,589,"*",-0.00947129814
"1571","chrX",168170391,168170470,80,"*",0.45906437259
"1572","chrX",168292630,168292769,140,"*",0.5
"1573","chrX",168349128,168350616,1489,"*",0.42508915306
"1574","chrX",168415561,168415706,146,"*",0.31946213938
"1575","chrX",168597012,168597091,80,"*",0.5
"1576","chrX",168607388,168607960,573,"*",0.23690637766
"1577","chrX",168639504,168640169,666,"*",0.37469360311
"1578","chrX",168672053,168672929,877,"*",0.47791991419
"1579","chrX",168673423,168674578,1156,"*",0.45933152114
"1580","chrX",168977817,168978150,334,"*",0.40591061164
"1581","chrX",169007146,169007359,214,"*",0.42976917892
"1582","chrX",169054099,169054631,533,"*",0.40591061164
"1583","chrX",169106236,169106602,367,"*",0.41269017429
"1584","chrX",169319987,169320733,747,"*",0.5
"1585","chrX",169320787,169320844,58,"*",0.18148788702
"1586","chrX",169356963,169358147,1185,"*",0.02474879118
"1587","chrX",169386524,169387350,827,"*",0.21229815226
"1588","chrX",169387479,169387750,272,"*",0.12755128893
"1589","chrX",169593906,169593951,46,"*",-0.00947129814
"1590","chrX",169682483,169682957,475,"*",-0.05105736821
"1591","chrX",169684907,169686000,1094,"*",0.11225632032
"1592","chrX",169691319,169691963,645,"*",0.05734019147
"1593","chrX",169714183,169714677,495,"*",0.14328716985
"1594","chrX",169758154,169758232,79,"*",0.13835836854
"1595","chrX",169759625,169759911,287,"*",-0.07180128529
"1596","chrX",169794440,169795408,969,"*",0.12137976644
"1597","chrX",169861470,169861574,105,"*",0.19198336723
"1598","chrX",169879411,169879997,587,"*",0.46295763431
"1599","chrX",169880750,169880914,165,"*",0.26600441876
"1600","chrX",169881021,169882222,1202,"*",0.12110160973
"1601","chrX",169883514,169884110,597,"*",0.28419745619
"1602","chrX",169899120,169899908,789,"*",-0.10905812932
"1603","chrX",169902593,169902991,399,"*",0.32800420265
"1604","chrX",169903041,169903380,340,"*",0.23629911872
"1605","chrX",169928307,169928469,163,"*",0.5
